lakshman@guat.esafbank.com,user_access_feature,SUCCESS,"{""data"": {""created_at"": ""2026-08-13T11:59:17.212000+00:00"", ""date_of_joining"": ""2026-08-06"", ""email"": ""lakshman@guat.esafbank.com"", ""employee_id"": ""2622500022"", ""failed_login_datetime"": ""2026-08-13T12:00:45.344000+00:00"", ""first_name"": ""Lakshman"", ""last_login"": ""2026-08-14T14:05:24.323000+00:00"", ""last_name"": ""Roy"", ""postal_address"": ""Indiranagar"", ""postal_city"": ""Bengaluru"", ""postal_code"": ""171003"", ""postal_country"": ""-1"", ""postal_state"": ""HP"", ""postal_tele_code"": ""+91"", ""postal_telephone"": ""9087000988"", ""profile_image"": """", ""reset_password"": false, ""role"": ""Organisation Administrator""}, ""features"": [""features_admin"", ""features_lms_api"", ""features_geo_api"", ""features_mobile_sourcing"", ""features_profile"", ""features_manuals"", ""features_notifications"", ""features_api_applications_list"", ""features_api_applications_post"", ""features_api_performance_target"", ""features_performance_target"", ""features_fos_branches"", ""features_applications_track"", ""features_applications_cashflow"", ""features_applications_analysis"", ""features_applications_scrutiny"", ""features_applications_sanction"", ""features_fees_collection"", ""features_applications_disbursement"", ""features_applications_disbursement_kit_generation"", ""hignmark_equifax"", ""search_by_app_id"", ""search_by_app_name"", ""accounts_reports"", ""features_applications_luc"", ""features_monitor_visit"", ""features_leadr"", ""features_leadr_report"", ""features_leadr_dashboard"", ""lawyer_valuer_access"", ""rm_update_access"", ""cm_update_access"", ""features_collections"", ""features_view_collections"", ""collection_dashboard"", ""features_verify_payments"", ""features_upload_collection_apk"", ""cashless_reports"", ""features_application_reassignment"", ""highmark_report_allow"", ""api_encore_disbursement"", ""features_applications_update_loan"", ""branchwise_closing_report_allow"", ""lms_collection_datewise_report_allow"", ""features_bre"", ""features_post_registration_apps_analysis"", ""feature_fee_collection"", ""feature_kit_generation"", ""sanction-failed-apps"", ""e_mandate_authorization"", ""cancel_subscription"", ""allowed_to_access_webapp"", ""customer_list_view"", ""customer_view"", ""applications_list_view"", ""application_view"", ""disbursement_report"", ""features_cgt_web"", ""features_cgt_stats"", ""features_cgt_manage"", ""features_api_cgt"", ""features_api_cap"", ""features_api_products"", ""features_api_timeslots"", ""features_api_center_groups"", ""features_application_deletion"", ""feature_support"", ""features_center_groups_manage"", ""features_district_subdistrict"", ""features_center_group_list"", ""features_center_groups_create"", ""features_center_groups_update"", ""features_center_active_update"", ""features_center_assignment"", ""features_disbursement"", ""features_disbursement_group_stats"", ""features_disbursement_center_stats"", ""features_grt_web"", ""features_grt_stats"", ""features_grt_manage"", ""features_api_grt"", ""features_api_cross_verification"", ""features_api_cap_cross_verification"", ""features_api_cap_submission"", ""branches_centers"", ""search_by_group_id"", ""search_by_group_name"", ""features_group_update"", ""search_by_center_id"", ""search_by_center_name"", ""features_upload_apk"", ""accounts_new_reports"", ""features_luc"", ""highmark_update"", ""features_cross_sell"", ""api_permission"", ""features_api_village"", ""features_api_village_survey_verification"", ""features_api_village_survey_approval"", ""features_api_village_resurvey"", ""features_village_reassignment"", ""features_api_center_creation"", ""branchwise_closing_report"", ""village_report_allow"", ""cattle_insurance_report"", ""features_bre_delete"", ""crop_loan_report"", ""features_application_retry"", ""features_reassign_demand"", ""features_manage_neft"", ""features_manage_bank_repayment"", ""features_manage_adhoc"", ""features_generate_loan_card"", ""features_repayment_update"", ""features_customer"", ""okyc_validation"", ""features_api_face_liveness_check"", ""features_settings"", ""features_organisation"", ""features_manage_branch"", ""features_manage_district_subdistrict"", ""features_manage_employee"", ""features_bc_management"", ""features_master_data"", ""features_status_creation"", ""features_products"", ""features_update_collection_dates"", ""features_state_id"", ""features_api_business_verification"", ""features_verification_dates"", ""features_audit"", ""external_api_logs"", ""features_scrutiny_check"", ""features_rejected_cases"", ""feature_for_custom_notification"", ""feature_for_update_notification"", ""features_pending_cases"", ""features_tele_verification_questions"", ""features_tele_verification"", ""features_quality_check"", ""features_discrepancy_checker"", ""bulk_data_upload_feature"", ""portfolio_transfer"", ""feature_pg_kit"", ""features_insurer"", ""feature_for_cpc_bucket"", ""features_pgk_verification"", ""customer_mobile_update"", ""feature_for_credit_verification"", ""application_move_back"", ""pre_closure"", ""features_workflow"", ""feature_bre_rule"", ""features_bc_approval"", ""features_branch_approval"", ""features_mobile_group_formation"", ""features_mobile_data_resubmission"", ""features_mobile_business_sourcing"", ""features_application_esign"", ""features_mobile_house_verification"", ""features_collection_agency"", ""features_retail_demand_reassignment"", ""features_retail_demand_assignment"", ""features_aml_qc_check""], ""holiday_reason"": """", ""is_cbs_holiday"": false, ""message"": ""List of features fetched successfully"", ""success"": true}",
lakshman@guat.esafbank.com,dashboard_statistics,SUCCESS,"{""results"": {""partners"": 0, ""total_customer"": 0, ""total_products"": 18}}",
lakshman@guat.esafbank.com,dashboard_detailed_v1,SUCCESS,"{""results"": {""average_running_loans"": {""-2"": 0, ""2-3"": 0, ""3+"": 0}, ""credit_score"": {""-650"": 0, ""650-700"": 0, ""700+"": 0}, ""education"": {""less_than_tenth"": 0, ""more_than_graduation"": 0, ""tenth_to_graduation"": 0}, ""event_dashboard"": {""collection"": [], ""disbursed"": [], ""in_process"": [], ""rate"": 0, ""rejected"": [], ""sanctioned"": [], ""submission"": [], ""tat"": 0}, ""gender"": {""Female"": 0, ""Male"": 0, ""Others"": 0}, ""income"": {""less_than_twenty"": 0, ""less_than_twenty_percentage"": 0, ""more_than_thirty_five"": 0, ""more_than_thirty_five_percentage"": 0, ""twenty_to_thirty_five"": 0, ""twenty_to_thirty_five_percentage"": 0}}}",
lakshman@guat.esafbank.com,dashboard_detailed_v2,SUCCESS,"{""results"": {""application_status_stats"": [{""count"": 0, ""name"": ""Family details Pending"", ""order"": 0}, {""count"": 0, ""name"": ""Group Formation Ready"", ""order"": 1}, {""count"": 0, ""name"": ""DV Ready"", ""order"": 2}, {""count"": 0, ""name"": ""CGT Ready"", ""order"": 3}, {""count"": 0, ""name"": ""HV Ready"", ""order"": 4}, {""count"": 0, ""name"": ""TV Ready"", ""order"": 5}, {""count"": 0, ""name"": ""BV Ready"", ""order"": 6}, {""count"": 0, ""name"": ""GRT Ready"", ""order"": 7}, {""count"": 0, ""name"": ""Kit Generation Ready"", ""order"": 8}, {""count"": 0, ""name"": ""E-Sign Ready"", ""order"": 9}, {""count"": 0, ""name"": ""Disbursement Ready"", ""order"": 10}, {""count"": 0, ""name"": ""LUC Ready"", ""order"": 11}], ""bc_details"": {}, ""credit_type_stats"": {""ETB"": {""applied_amount"": 0, ""disbursed_amount"": 0}, ""NTB"": {""applied_amount"": 0, ""disbursed_amount"": 0}, ""NTC"": {""applied_amount"": 0, ""disbursed_amount"": 0}}, ""failed_applications"": [{""count"": 0, ""name"": ""AML Failed"", ""order"": 0}, {""count"": 0, ""name"": ""BRE Failed"", ""order"": 1}, {""count"": 0, ""name"": ""BUREAU Failed"", ""order"": 2}, {""count"": 0, ""name"": ""BC BRE Failed"", ""order"": 3}, {""count"": 0, ""name"": ""Application Bank Account Failed"", ""order"": 4}, {""count"": 0, ""name"": ""CGT Failed"", ""order"": 5}, {""count"": 0, ""name"": ""HV Failed"", ""order"": 6}, {""count"": 0, ""name"": ""TV Failed"", ""order"": 7}, {""count"": 0, ""name"": ""BV Failed"", ""order"": 8}, {""count"": 0, ""name"": ""Scrutiny Failed"", ""order"": 9}, {""count"": 0, ""name"": ""Dedupe Failed"", ""order"": 10}, {""count"": 0, ""name"": ""GRT Failed"", ""order"": 11}, {""count"": 0, ""name"": ""Disbursement Failed"", ""order"": 12}, {""count"": 0, ""name"": ""CBS Pending or Failed"", ""order"": 13}, {""count"": 0, ""name"": ""Customer CKYC Failed"", ""order"": 14}, {""count"": 0, ""name"": ""Customer EKYC Failed"", ""order"": 15}, {""count"": 0, ""name"": ""Customer OKYC Failed"", ""order"": 16}, {""count"": 0, ""name"": ""Customer Id Verification Failed"", ""order"": 17}, {""count"": 0, ""name"": ""Rejected Applications"", ""order"": 18}, {""count"": 0, ""name"": ""Rejected Customers"", ""order"": 19}]}}",
hithesh@guat.esafbank.com,user_access_feature,HTTP_401,,"{""message"":""Your account has been logged in from some other device!"",""success"":false}
"
hithesh@guat.esafbank.com,dashboard_statistics,HTTP_401,,"{""message"":""Your account has been logged in from some other device!"",""success"":false}
"
hithesh@guat.esafbank.com,dashboard_detailed_v1,HTTP_401,,"{""message"":""Your account has been logged in from some other device!"",""success"":false}
"
hithesh@guat.esafbank.com,dashboard_detailed_v2,HTTP_401,,"{""message"":""Your account has been logged in from some other device!"",""success"":false}
"
manasa@guat.esafbank.com,user_access_feature,SUCCESS,"{""data"": {""created_at"": ""2026-07-28T16:21:46.746000+00:00"", ""date_of_joining"": ""2026-07-28"", ""email"": ""manasa@guat.esafbank.com"", ""employee_id"": ""072800003"", ""failed_login_datetime"": null, ""first_name"": ""Manasa"", ""last_login"": ""2026-08-14T14:05:23.762000+00:00"", ""last_name"": ""R"", ""postal_address"": ""Indiranagar"", ""postal_city"": ""Banglore"", ""postal_code"": ""171006"", ""postal_country"": ""-1"", ""postal_state"": ""HP"", ""postal_tele_code"": ""+91"", ""postal_telephone"": ""9084567876"", ""profile_image"": """", ""reset_password"": false, ""role"": ""Organisation Administrator""}, ""features"": [""features_admin"", ""features_lms_api"", ""features_geo_api"", ""features_mobile_sourcing"", ""features_profile"", ""features_manuals"", ""features_notifications"", ""features_api_applications_list"", ""features_api_applications_post"", ""features_api_performance_target"", ""features_performance_target"", ""features_fos_branches"", ""features_applications_track"", ""features_applications_cashflow"", ""features_applications_analysis"", ""features_applications_scrutiny"", ""features_applications_sanction"", ""features_fees_collection"", ""features_applications_disbursement"", ""features_applications_disbursement_kit_generation"", ""hignmark_equifax"", ""search_by_app_id"", ""search_by_app_name"", ""accounts_reports"", ""features_applications_luc"", ""features_monitor_visit"", ""features_leadr"", ""features_leadr_report"", ""features_leadr_dashboard"", ""lawyer_valuer_access"", ""rm_update_access"", ""cm_update_access"", ""features_collections"", ""features_view_collections"", ""collection_dashboard"", ""features_verify_payments"", ""features_upload_collection_apk"", ""cashless_reports"", ""features_application_reassignment"", ""highmark_report_allow"", ""api_encore_disbursement"", ""features_applications_update_loan"", ""branchwise_closing_report_allow"", ""lms_collection_datewise_report_allow"", ""features_bre"", ""features_post_registration_apps_analysis"", ""feature_fee_collection"", ""feature_kit_generation"", ""sanction-failed-apps"", ""e_mandate_authorization"", ""cancel_subscription"", ""allowed_to_access_webapp"", ""customer_list_view"", ""customer_view"", ""applications_list_view"", ""application_view"", ""disbursement_report"", ""features_cgt_web"", ""features_cgt_stats"", ""features_cgt_manage"", ""features_api_cgt"", ""features_api_cap"", ""features_api_products"", ""features_api_timeslots"", ""features_api_center_groups"", ""features_application_deletion"", ""feature_support"", ""features_center_groups_manage"", ""features_district_subdistrict"", ""features_center_group_list"", ""features_center_groups_create"", ""features_center_groups_update"", ""features_center_active_update"", ""features_center_assignment"", ""features_disbursement"", ""features_disbursement_group_stats"", ""features_disbursement_center_stats"", ""features_grt_web"", ""features_grt_stats"", ""features_grt_manage"", ""features_api_grt"", ""features_api_cross_verification"", ""features_api_cap_cross_verification"", ""features_api_cap_submission"", ""branches_centers"", ""search_by_group_id"", ""search_by_group_name"", ""features_group_update"", ""search_by_center_id"", ""search_by_center_name"", ""features_upload_apk"", ""accounts_new_reports"", ""features_luc"", ""highmark_update"", ""features_cross_sell"", ""api_permission"", ""features_api_village"", ""features_api_village_survey_verification"", ""features_api_village_survey_approval"", ""features_api_village_resurvey"", ""features_village_reassignment"", ""features_api_center_creation"", ""branchwise_closing_report"", ""village_report_allow"", ""cattle_insurance_report"", ""features_bre_delete"", ""crop_loan_report"", ""features_application_retry"", ""features_reassign_demand"", ""features_manage_neft"", ""features_manage_bank_repayment"", ""features_manage_adhoc"", ""features_generate_loan_card"", ""features_repayment_update"", ""features_customer"", ""okyc_validation"", ""features_api_face_liveness_check"", ""features_settings"", ""features_organisation"", ""features_manage_branch"", ""features_manage_district_subdistrict"", ""features_manage_employee"", ""features_bc_management"", ""features_master_data"", ""features_status_creation"", ""features_products"", ""features_update_collection_dates"", ""features_state_id"", ""features_api_business_verification"", ""features_verification_dates"", ""features_audit"", ""external_api_logs"", ""features_scrutiny_check"", ""features_rejected_cases"", ""feature_for_custom_notification"", ""feature_for_update_notification"", ""features_pending_cases"", ""features_tele_verification_questions"", ""features_tele_verification"", ""features_quality_check"", ""features_discrepancy_checker"", ""bulk_data_upload_feature"", ""portfolio_transfer"", ""feature_pg_kit"", ""features_insurer"", ""feature_for_cpc_bucket"", ""features_pgk_verification"", ""customer_mobile_update"", ""feature_for_credit_verification"", ""application_move_back"", ""pre_closure"", ""features_workflow"", ""feature_bre_rule"", ""features_bc_approval"", ""features_branch_approval"", ""features_mobile_group_formation"", ""features_mobile_data_resubmission"", ""features_mobile_business_sourcing"", ""features_application_esign"", ""features_mobile_house_verification"", ""features_collection_agency"", ""features_retail_demand_reassignment"", ""features_retail_demand_assignment"", ""features_aml_qc_check""], ""holiday_reason"": """", ""is_cbs_holiday"": false, ""message"": ""List of features fetched successfully"", ""success"": true}",
manasa@guat.esafbank.com,dashboard_statistics,SUCCESS,"{""results"": {""partners"": 0, ""total_customer"": 0, ""total_products"": 18}}",
manasa@guat.esafbank.com,dashboard_detailed_v1,SUCCESS,"{""results"": {""average_running_loans"": {""-2"": 0, ""2-3"": 0, ""3+"": 0}, ""credit_score"": {""-650"": 0, ""650-700"": 0, ""700+"": 0}, ""education"": {""less_than_tenth"": 0, ""more_than_graduation"": 0, ""tenth_to_graduation"": 0}, ""event_dashboard"": {""collection"": [], ""disbursed"": [], ""in_process"": [], ""rate"": 0, ""rejected"": [], ""sanctioned"": [], ""submission"": [], ""tat"": 0}, ""gender"": {""Female"": 0, ""Male"": 0, ""Others"": 0}, ""income"": {""less_than_twenty"": 0, ""less_than_twenty_percentage"": 0, ""more_than_thirty_five"": 0, ""more_than_thirty_five_percentage"": 0, ""twenty_to_thirty_five"": 0, ""twenty_to_thirty_five_percentage"": 0}}}",
manasa@guat.esafbank.com,dashboard_detailed_v2,SUCCESS,"{""results"": {""application_status_stats"": [{""count"": 0, ""name"": ""Family details Pending"", ""order"": 0}, {""count"": 0, ""name"": ""Group Formation Ready"", ""order"": 1}, {""count"": 0, ""name"": ""DV Ready"", ""order"": 2}, {""count"": 0, ""name"": ""CGT Ready"", ""order"": 3}, {""count"": 0, ""name"": ""HV Ready"", ""order"": 4}, {""count"": 0, ""name"": ""TV Ready"", ""order"": 5}, {""count"": 0, ""name"": ""BV Ready"", ""order"": 6}, {""count"": 0, ""name"": ""GRT Ready"", ""order"": 7}, {""count"": 0, ""name"": ""Kit Generation Ready"", ""order"": 8}, {""count"": 0, ""name"": ""E-Sign Ready"", ""order"": 9}, {""count"": 0, ""name"": ""Disbursement Ready"", ""order"": 10}, {""count"": 0, ""name"": ""LUC Ready"", ""order"": 11}], ""bc_details"": {}, ""credit_type_stats"": {""ETB"": {""applied_amount"": 0, ""disbursed_amount"": 0}, ""NTB"": {""applied_amount"": 0, ""disbursed_amount"": 0}, ""NTC"": {""applied_amount"": 0, ""disbursed_amount"": 0}}, ""failed_applications"": [{""count"": 0, ""name"": ""AML Failed"", ""order"": 0}, {""count"": 0, ""name"": ""BRE Failed"", ""order"": 1}, {""count"": 0, ""name"": ""BUREAU Failed"", ""order"": 2}, {""count"": 0, ""name"": ""BC BRE Failed"", ""order"": 3}, {""count"": 0, ""name"": ""Application Bank Account Failed"", ""order"": 4}, {""count"": 0, ""name"": ""CGT Failed"", ""order"": 5}, {""count"": 0, ""name"": ""HV Failed"", ""order"": 6}, {""count"": 0, ""name"": ""TV Failed"", ""order"": 7}, {""count"": 0, ""name"": ""BV Failed"", ""order"": 8}, {""count"": 0, ""name"": ""Scrutiny Failed"", ""order"": 9}, {""count"": 0, ""name"": ""Dedupe Failed"", ""order"": 10}, {""count"": 0, ""name"": ""GRT Failed"", ""order"": 11}, {""count"": 0, ""name"": ""Disbursement Failed"", ""order"": 12}, {""count"": 0, ""name"": ""CBS Pending or Failed"", ""order"": 13}, {""count"": 0, ""name"": ""Customer CKYC Failed"", ""order"": 14}, {""count"": 0, ""name"": ""Customer EKYC Failed"", ""order"": 15}, {""count"": 0, ""name"": ""Customer OKYC Failed"", ""order"": 16}, {""count"": 0, ""name"": ""Customer Id Verification Failed"", ""order"": 17}, {""count"": 0, ""name"": ""Rejected Applications"", ""order"": 18}, {""count"": 0, ""name"": ""Rejected Customers"", ""order"": 19}]}}",
pushpraj@guat.esafbank.com,user_access_feature,SUCCESS,"{""data"": {""created_at"": ""2026-07-28T13:34:07.960000+00:00"", ""date_of_joining"": ""2026-07-28"", ""email"": ""pushpraj@guat.esafbank.com"", ""employee_id"": ""2620900003"", ""failed_login_datetime"": ""2026-08-05T11:56:24.575000+00:00"", ""first_name"": ""Pushp"", ""last_login"": ""2026-08-14T14:05:23.477000+00:00"", ""last_name"": ""Raj"", ""postal_address"": ""Indiranagar"", ""postal_city"": ""Bengaluru"", ""postal_code"": ""180007"", ""postal_country"": ""-1"", ""postal_state"": ""JK"", ""postal_tele_code"": ""+91"", ""postal_telephone"": ""9876678999"", ""profile_image"": """", ""reset_password"": false, ""role"": ""Organisation Administrator""}, ""features"": [""features_admin"", ""features_lms_api"", ""features_geo_api"", ""features_mobile_sourcing"", ""features_profile"", ""features_manuals"", ""features_notifications"", ""features_api_applications_list"", ""features_api_applications_post"", ""features_api_performance_target"", ""features_performance_target"", ""features_fos_branches"", ""features_applications_track"", ""features_applications_cashflow"", ""features_applications_analysis"", ""features_applications_scrutiny"", ""features_applications_sanction"", ""features_fees_collection"", ""features_applications_disbursement"", ""features_applications_disbursement_kit_generation"", ""hignmark_equifax"", ""search_by_app_id"", ""search_by_app_name"", ""accounts_reports"", ""features_applications_luc"", ""features_monitor_visit"", ""features_leadr"", ""features_leadr_report"", ""features_leadr_dashboard"", ""lawyer_valuer_access"", ""rm_update_access"", ""cm_update_access"", ""features_collections"", ""features_view_collections"", ""collection_dashboard"", ""features_verify_payments"", ""features_upload_collection_apk"", ""cashless_reports"", ""features_application_reassignment"", ""highmark_report_allow"", ""api_encore_disbursement"", ""features_applications_update_loan"", ""branchwise_closing_report_allow"", ""lms_collection_datewise_report_allow"", ""features_bre"", ""features_post_registration_apps_analysis"", ""feature_fee_collection"", ""feature_kit_generation"", ""sanction-failed-apps"", ""e_mandate_authorization"", ""cancel_subscription"", ""allowed_to_access_webapp"", ""customer_list_view"", ""customer_view"", ""applications_list_view"", ""application_view"", ""disbursement_report"", ""features_cgt_web"", ""features_cgt_stats"", ""features_cgt_manage"", ""features_api_cgt"", ""features_api_cap"", ""features_api_products"", ""features_api_timeslots"", ""features_api_center_groups"", ""features_application_deletion"", ""feature_support"", ""features_center_groups_manage"", ""features_district_subdistrict"", ""features_center_group_list"", ""features_center_groups_create"", ""features_center_groups_update"", ""features_center_active_update"", ""features_center_assignment"", ""features_disbursement"", ""features_disbursement_group_stats"", ""features_disbursement_center_stats"", ""features_grt_web"", ""features_grt_stats"", ""features_grt_manage"", ""features_api_grt"", ""features_api_cross_verification"", ""features_api_cap_cross_verification"", ""features_api_cap_submission"", ""branches_centers"", ""search_by_group_id"", ""search_by_group_name"", ""features_group_update"", ""search_by_center_id"", ""search_by_center_name"", ""features_upload_apk"", ""accounts_new_reports"", ""features_luc"", ""highmark_update"", ""features_cross_sell"", ""api_permission"", ""features_api_village"", ""features_api_village_survey_verification"", ""features_api_village_survey_approval"", ""features_api_village_resurvey"", ""features_village_reassignment"", ""features_api_center_creation"", ""branchwise_closing_report"", ""village_report_allow"", ""cattle_insurance_report"", ""features_bre_delete"", ""crop_loan_report"", ""features_application_retry"", ""features_reassign_demand"", ""features_manage_neft"", ""features_manage_bank_repayment"", ""features_manage_adhoc"", ""features_generate_loan_card"", ""features_repayment_update"", ""features_customer"", ""okyc_validation"", ""features_api_face_liveness_check"", ""features_settings"", ""features_organisation"", ""features_manage_branch"", ""features_manage_district_subdistrict"", ""features_manage_employee"", ""features_bc_management"", ""features_master_data"", ""features_status_creation"", ""features_products"", ""features_update_collection_dates"", ""features_state_id"", ""features_api_business_verification"", ""features_verification_dates"", ""features_audit"", ""external_api_logs"", ""features_scrutiny_check"", ""features_rejected_cases"", ""feature_for_custom_notification"", ""feature_for_update_notification"", ""features_pending_cases"", ""features_tele_verification_questions"", ""features_tele_verification"", ""features_quality_check"", ""features_discrepancy_checker"", ""bulk_data_upload_feature"", ""portfolio_transfer"", ""feature_pg_kit"", ""features_insurer"", ""feature_for_cpc_bucket"", ""features_pgk_verification"", ""customer_mobile_update"", ""feature_for_credit_verification"", ""application_move_back"", ""pre_closure"", ""features_workflow"", ""feature_bre_rule"", ""features_bc_approval"", ""features_branch_approval"", ""features_mobile_group_formation"", ""features_mobile_data_resubmission"", ""features_mobile_business_sourcing"", ""features_application_esign"", ""features_mobile_house_verification"", ""features_collection_agency"", ""features_retail_demand_reassignment"", ""features_retail_demand_assignment"", ""features_aml_qc_check""], ""holiday_reason"": """", ""is_cbs_holiday"": false, ""message"": ""List of features fetched successfully"", ""success"": true}",
pushpraj@guat.esafbank.com,dashboard_statistics,SUCCESS,"{""results"": {""partners"": 0, ""total_customer"": 0, ""total_products"": 18}}",
pushpraj@guat.esafbank.com,dashboard_detailed_v1,SUCCESS,"{""results"": {""average_running_loans"": {""-2"": 0, ""2-3"": 0, ""3+"": 0}, ""credit_score"": {""-650"": 0, ""650-700"": 0, ""700+"": 0}, ""education"": {""less_than_tenth"": 0, ""more_than_graduation"": 0, ""tenth_to_graduation"": 0}, ""event_dashboard"": {""collection"": [], ""disbursed"": [], ""in_process"": [], ""rate"": 0, ""rejected"": [], ""sanctioned"": [], ""submission"": [], ""tat"": 0}, ""gender"": {""Female"": 0, ""Male"": 0, ""Others"": 0}, ""income"": {""less_than_twenty"": 0, ""less_than_twenty_percentage"": 0, ""more_than_thirty_five"": 0, ""more_than_thirty_five_percentage"": 0, ""twenty_to_thirty_five"": 0, ""twenty_to_thirty_five_percentage"": 0}}}",
pushpraj@guat.esafbank.com,dashboard_detailed_v2,SUCCESS,"{""results"": {""application_status_stats"": [{""count"": 0, ""name"": ""Family details Pending"", ""order"": 0}, {""count"": 0, ""name"": ""Group Formation Ready"", ""order"": 1}, {""count"": 0, ""name"": ""DV Ready"", ""order"": 2}, {""count"": 0, ""name"": ""CGT Ready"", ""order"": 3}, {""count"": 0, ""name"": ""HV Ready"", ""order"": 4}, {""count"": 0, ""name"": ""TV Ready"", ""order"": 5}, {""count"": 0, ""name"": ""BV Ready"", ""order"": 6}, {""count"": 0, ""name"": ""GRT Ready"", ""order"": 7}, {""count"": 0, ""name"": ""Kit Generation Ready"", ""order"": 8}, {""count"": 0, ""name"": ""E-Sign Ready"", ""order"": 9}, {""count"": 0, ""name"": ""Disbursement Ready"", ""order"": 10}, {""count"": 0, ""name"": ""LUC Ready"", ""order"": 11}], ""bc_details"": {}, ""credit_type_stats"": {""ETB"": {""applied_amount"": 0, ""disbursed_amount"": 0}, ""NTB"": {""applied_amount"": 0, ""disbursed_amount"": 0}, ""NTC"": {""applied_amount"": 0, ""disbursed_amount"": 0}}, ""failed_applications"": [{""count"": 0, ""name"": ""AML Failed"", ""order"": 0}, {""count"": 0, ""name"": ""BRE Failed"", ""order"": 1}, {""count"": 0, ""name"": ""BUREAU Failed"", ""order"": 2}, {""count"": 0, ""name"": ""BC BRE Failed"", ""order"": 3}, {""count"": 0, ""name"": ""Application Bank Account Failed"", ""order"": 4}, {""count"": 0, ""name"": ""CGT Failed"", ""order"": 5}, {""count"": 0, ""name"": ""HV Failed"", ""order"": 6}, {""count"": 0, ""name"": ""TV Failed"", ""order"": 7}, {""count"": 0, ""name"": ""BV Failed"", ""order"": 8}, {""count"": 0, ""name"": ""Scrutiny Failed"", ""order"": 9}, {""count"": 0, ""name"": ""Dedupe Failed"", ""order"": 10}, {""count"": 0, ""name"": ""GRT Failed"", ""order"": 11}, {""count"": 0, ""name"": ""Disbursement Failed"", ""order"": 12}, {""count"": 0, ""name"": ""CBS Pending or Failed"", ""order"": 13}, {""count"": 0, ""name"": ""Customer CKYC Failed"", ""order"": 14}, {""count"": 0, ""name"": ""Customer EKYC Failed"", ""order"": 15}, {""count"": 0, ""name"": ""Customer OKYC Failed"", ""order"": 16}, {""count"": 0, ""name"": ""Customer Id Verification Failed"", ""order"": 17}, {""count"": 0, ""name"": ""Rejected Applications"", ""order"": 18}, {""count"": 0, ""name"": ""Rejected Customers"", ""order"": 19}]}}",
narayan@guat.esafbank.com,user_access_feature,SUCCESS,"{""data"": {""created_at"": ""2026-08-13T11:49:47.631000+00:00"", ""date_of_joining"": ""2026-08-13"", ""email"": ""narayan@guat.esafbank.com"", ""employee_id"": ""2622500019"", ""failed_login_datetime"": ""2026-08-14T11:42:49.345000+00:00"", ""first_name"": ""Narayan"", ""last_login"": ""2026-08-14T14:05:23.473000+00:00"", ""last_name"": ""Admin"", ""postal_address"": ""1st kabul, kaula, kabuland."", ""postal_city"": ""Bengaluru"", ""postal_code"": ""171001"", ""postal_country"": ""-1"", ""postal_state"": ""HP"", ""postal_tele_code"": ""+91"", ""postal_telephone"": ""9405858888"", ""profile_image"": """", ""reset_password"": false, ""role"": ""Organisation Administrator""}, ""features"": [""features_admin"", ""features_lms_api"", ""features_geo_api"", ""features_mobile_sourcing"", ""features_profile"", ""features_manuals"", ""features_notifications"", ""features_api_applications_list"", ""features_api_applications_post"", ""features_api_performance_target"", ""features_performance_target"", ""features_fos_branches"", ""features_applications_track"", ""features_applications_cashflow"", ""features_applications_analysis"", ""features_applications_scrutiny"", ""features_applications_sanction"", ""features_fees_collection"", ""features_applications_disbursement"", ""features_applications_disbursement_kit_generation"", ""hignmark_equifax"", ""search_by_app_id"", ""search_by_app_name"", ""accounts_reports"", ""features_applications_luc"", ""features_monitor_visit"", ""features_leadr"", ""features_leadr_report"", ""features_leadr_dashboard"", ""lawyer_valuer_access"", ""rm_update_access"", ""cm_update_access"", ""features_collections"", ""features_view_collections"", ""collection_dashboard"", ""features_verify_payments"", ""features_upload_collection_apk"", ""cashless_reports"", ""features_application_reassignment"", ""highmark_report_allow"", ""api_encore_disbursement"", ""features_applications_update_loan"", ""branchwise_closing_report_allow"", ""lms_collection_datewise_report_allow"", ""features_bre"", ""features_post_registration_apps_analysis"", ""feature_fee_collection"", ""feature_kit_generation"", ""sanction-failed-apps"", ""e_mandate_authorization"", ""cancel_subscription"", ""allowed_to_access_webapp"", ""customer_list_view"", ""customer_view"", ""applications_list_view"", ""application_view"", ""disbursement_report"", ""features_cgt_web"", ""features_cgt_stats"", ""features_cgt_manage"", ""features_api_cgt"", ""features_api_cap"", ""features_api_products"", ""features_api_timeslots"", ""features_api_center_groups"", ""features_application_deletion"", ""feature_support"", ""features_center_groups_manage"", ""features_district_subdistrict"", ""features_center_group_list"", ""features_center_groups_create"", ""features_center_groups_update"", ""features_center_active_update"", ""features_center_assignment"", ""features_disbursement"", ""features_disbursement_group_stats"", ""features_disbursement_center_stats"", ""features_grt_web"", ""features_grt_stats"", ""features_grt_manage"", ""features_api_grt"", ""features_api_cross_verification"", ""features_api_cap_cross_verification"", ""features_api_cap_submission"", ""branches_centers"", ""search_by_group_id"", ""search_by_group_name"", ""features_group_update"", ""search_by_center_id"", ""search_by_center_name"", ""features_upload_apk"", ""accounts_new_reports"", ""features_luc"", ""highmark_update"", ""features_cross_sell"", ""api_permission"", ""features_api_village"", ""features_api_village_survey_verification"", ""features_api_village_survey_approval"", ""features_api_village_resurvey"", ""features_village_reassignment"", ""features_api_center_creation"", ""branchwise_closing_report"", ""village_report_allow"", ""cattle_insurance_report"", ""features_bre_delete"", ""crop_loan_report"", ""features_application_retry"", ""features_reassign_demand"", ""features_manage_neft"", ""features_manage_bank_repayment"", ""features_manage_adhoc"", ""features_generate_loan_card"", ""features_repayment_update"", ""features_customer"", ""okyc_validation"", ""features_api_face_liveness_check"", ""features_settings"", ""features_organisation"", ""features_manage_branch"", ""features_manage_district_subdistrict"", ""features_manage_employee"", ""features_bc_management"", ""features_master_data"", ""features_status_creation"", ""features_products"", ""features_update_collection_dates"", ""features_state_id"", ""features_api_business_verification"", ""features_verification_dates"", ""features_audit"", ""external_api_logs"", ""features_scrutiny_check"", ""features_rejected_cases"", ""feature_for_custom_notification"", ""feature_for_update_notification"", ""features_pending_cases"", ""features_tele_verification_questions"", ""features_tele_verification"", ""features_quality_check"", ""features_discrepancy_checker"", ""bulk_data_upload_feature"", ""portfolio_transfer"", ""feature_pg_kit"", ""features_insurer"", ""feature_for_cpc_bucket"", ""features_pgk_verification"", ""customer_mobile_update"", ""feature_for_credit_verification"", ""application_move_back"", ""pre_closure"", ""features_workflow"", ""feature_bre_rule"", ""features_bc_approval"", ""features_branch_approval"", ""features_mobile_group_formation"", ""features_mobile_data_resubmission"", ""features_mobile_business_sourcing"", ""features_application_esign"", ""features_mobile_house_verification"", ""features_collection_agency"", ""features_retail_demand_reassignment"", ""features_retail_demand_assignment"", ""features_aml_qc_check""], ""holiday_reason"": """", ""is_cbs_holiday"": false, ""message"": ""List of features fetched successfully"", ""success"": true}",
narayan@guat.esafbank.com,dashboard_statistics,SUCCESS,"{""results"": {""partners"": 0, ""total_customer"": 0, ""total_products"": 18}}",
narayan@guat.esafbank.com,dashboard_detailed_v1,SUCCESS,"{""results"": {""average_running_loans"": {""-2"": 0, ""2-3"": 0, ""3+"": 0}, ""credit_score"": {""-650"": 0, ""650-700"": 0, ""700+"": 0}, ""education"": {""less_than_tenth"": 0, ""more_than_graduation"": 0, ""tenth_to_graduation"": 0}, ""event_dashboard"": {""collection"": [], ""disbursed"": [], ""in_process"": [], ""rate"": 0, ""rejected"": [], ""sanctioned"": [], ""submission"": [], ""tat"": 0}, ""gender"": {""Female"": 0, ""Male"": 0, ""Others"": 0}, ""income"": {""less_than_twenty"": 0, ""less_than_twenty_percentage"": 0, ""more_than_thirty_five"": 0, ""more_than_thirty_five_percentage"": 0, ""twenty_to_thirty_five"": 0, ""twenty_to_thirty_five_percentage"": 0}}}",
narayan@guat.esafbank.com,dashboard_detailed_v2,SUCCESS,"{""results"": {""application_status_stats"": [{""count"": 0, ""name"": ""Family details Pending"", ""order"": 0}, {""count"": 0, ""name"": ""Group Formation Ready"", ""order"": 1}, {""count"": 0, ""name"": ""DV Ready"", ""order"": 2}, {""count"": 0, ""name"": ""CGT Ready"", ""order"": 3}, {""count"": 0, ""name"": ""HV Ready"", ""order"": 4}, {""count"": 0, ""name"": ""TV Ready"", ""order"": 5}, {""count"": 0, ""name"": ""BV Ready"", ""order"": 6}, {""count"": 0, ""name"": ""GRT Ready"", ""order"": 7}, {""count"": 0, ""name"": ""Kit Generation Ready"", ""order"": 8}, {""count"": 0, ""name"": ""E-Sign Ready"", ""order"": 9}, {""count"": 0, ""name"": ""Disbursement Ready"", ""order"": 10}, {""count"": 0, ""name"": ""LUC Ready"", ""order"": 11}], ""bc_details"": {}, ""credit_type_stats"": {""ETB"": {""applied_amount"": 0, ""disbursed_amount"": 0}, ""NTB"": {""applied_amount"": 0, ""disbursed_amount"": 0}, ""NTC"": {""applied_amount"": 0, ""disbursed_amount"": 0}}, ""failed_applications"": [{""count"": 0, ""name"": ""AML Failed"", ""order"": 0}, {""count"": 0, ""name"": ""BRE Failed"", ""order"": 1}, {""count"": 0, ""name"": ""BUREAU Failed"", ""order"": 2}, {""count"": 0, ""name"": ""BC BRE Failed"", ""order"": 3}, {""count"": 0, ""name"": ""Application Bank Account Failed"", ""order"": 4}, {""count"": 0, ""name"": ""CGT Failed"", ""order"": 5}, {""count"": 0, ""name"": ""HV Failed"", ""order"": 6}, {""count"": 0, ""name"": ""TV Failed"", ""order"": 7}, {""count"": 0, ""name"": ""BV Failed"", ""order"": 8}, {""count"": 0, ""name"": ""Scrutiny Failed"", ""order"": 9}, {""count"": 0, ""name"": ""Dedupe Failed"", ""order"": 10}, {""count"": 0, ""name"": ""GRT Failed"", ""order"": 11}, {""count"": 0, ""name"": ""Disbursement Failed"", ""order"": 12}, {""count"": 0, ""name"": ""CBS Pending or Failed"", ""order"": 13}, {""count"": 0, ""name"": ""Customer CKYC Failed"", ""order"": 14}, {""count"": 0, ""name"": ""Customer EKYC Failed"", ""order"": 15}, {""count"": 0, ""name"": ""Customer OKYC Failed"", ""order"": 16}, {""count"": 0, ""name"": ""Customer Id Verification Failed"", ""order"": 17}, {""count"": 0, ""name"": ""Rejected Applications"", ""order"": 18}, {""count"": 0, ""name"": ""Rejected Customers"", ""order"": 19}]}}",
prasad@guat.esafbank.com,user_access_feature,SUCCESS,"{""data"": {""created_at"": ""2026-08-13T11:46:54.199000+00:00"", ""date_of_joining"": ""2026-08-13"", ""email"": ""prasad@guat.esafbank.com"", ""employee_id"": ""2622500018"", ""failed_login_datetime"": null, ""first_name"": ""prasad"", ""last_login"": ""2026-08-14T14:05:24.041000+00:00"", ""last_name"": ""Admin"", ""postal_address"": ""1st kabul, kaula, kabuland."", ""postal_city"": ""Bengaluru"", ""postal_code"": ""560008"", ""postal_country"": ""-1"", ""postal_state"": ""KA"", ""postal_tele_code"": ""+91"", ""postal_telephone"": ""9484040448"", ""profile_image"": """", ""reset_password"": false, ""role"": ""Organisation Administrator""}, ""features"": [""features_admin"", ""features_lms_api"", ""features_geo_api"", ""features_mobile_sourcing"", ""features_profile"", ""features_manuals"", ""features_notifications"", ""features_api_applications_list"", ""features_api_applications_post"", ""features_api_performance_target"", ""features_performance_target"", ""features_fos_branches"", ""features_applications_track"", ""features_applications_cashflow"", ""features_applications_analysis"", ""features_applications_scrutiny"", ""features_applications_sanction"", ""features_fees_collection"", ""features_applications_disbursement"", ""features_applications_disbursement_kit_generation"", ""hignmark_equifax"", ""search_by_app_id"", ""search_by_app_name"", ""accounts_reports"", ""features_applications_luc"", ""features_monitor_visit"", ""features_leadr"", ""features_leadr_report"", ""features_leadr_dashboard"", ""lawyer_valuer_access"", ""rm_update_access"", ""cm_update_access"", ""features_collections"", ""features_view_collections"", ""collection_dashboard"", ""features_verify_payments"", ""features_upload_collection_apk"", ""cashless_reports"", ""features_application_reassignment"", ""highmark_report_allow"", ""api_encore_disbursement"", ""features_applications_update_loan"", ""branchwise_closing_report_allow"", ""lms_collection_datewise_report_allow"", ""features_bre"", ""features_post_registration_apps_analysis"", ""feature_fee_collection"", ""feature_kit_generation"", ""sanction-failed-apps"", ""e_mandate_authorization"", ""cancel_subscription"", ""allowed_to_access_webapp"", ""customer_list_view"", ""customer_view"", ""applications_list_view"", ""application_view"", ""disbursement_report"", ""features_cgt_web"", ""features_cgt_stats"", ""features_cgt_manage"", ""features_api_cgt"", ""features_api_cap"", ""features_api_products"", ""features_api_timeslots"", ""features_api_center_groups"", ""features_application_deletion"", ""feature_support"", ""features_center_groups_manage"", ""features_district_subdistrict"", ""features_center_group_list"", ""features_center_groups_create"", ""features_center_groups_update"", ""features_center_active_update"", ""features_center_assignment"", ""features_disbursement"", ""features_disbursement_group_stats"", ""features_disbursement_center_stats"", ""features_grt_web"", ""features_grt_stats"", ""features_grt_manage"", ""features_api_grt"", ""features_api_cross_verification"", ""features_api_cap_cross_verification"", ""features_api_cap_submission"", ""branches_centers"", ""search_by_group_id"", ""search_by_group_name"", ""features_group_update"", ""search_by_center_id"", ""search_by_center_name"", ""features_upload_apk"", ""accounts_new_reports"", ""features_luc"", ""highmark_update"", ""features_cross_sell"", ""api_permission"", ""features_api_village"", ""features_api_village_survey_verification"", ""features_api_village_survey_approval"", ""features_api_village_resurvey"", ""features_village_reassignment"", ""features_api_center_creation"", ""branchwise_closing_report"", ""village_report_allow"", ""cattle_insurance_report"", ""features_bre_delete"", ""crop_loan_report"", ""features_application_retry"", ""features_reassign_demand"", ""features_manage_neft"", ""features_manage_bank_repayment"", ""features_manage_adhoc"", ""features_generate_loan_card"", ""features_repayment_update"", ""features_customer"", ""okyc_validation"", ""features_api_face_liveness_check"", ""features_settings"", ""features_organisation"", ""features_manage_branch"", ""features_manage_district_subdistrict"", ""features_manage_employee"", ""features_bc_management"", ""features_master_data"", ""features_status_creation"", ""features_products"", ""features_update_collection_dates"", ""features_state_id"", ""features_api_business_verification"", ""features_verification_dates"", ""features_audit"", ""external_api_logs"", ""features_scrutiny_check"", ""features_rejected_cases"", ""feature_for_custom_notification"", ""feature_for_update_notification"", ""features_pending_cases"", ""features_tele_verification_questions"", ""features_tele_verification"", ""features_quality_check"", ""features_discrepancy_checker"", ""bulk_data_upload_feature"", ""portfolio_transfer"", ""feature_pg_kit"", ""features_insurer"", ""feature_for_cpc_bucket"", ""features_pgk_verification"", ""customer_mobile_update"", ""feature_for_credit_verification"", ""application_move_back"", ""pre_closure"", ""features_workflow"", ""feature_bre_rule"", ""features_bc_approval"", ""features_branch_approval"", ""features_mobile_group_formation"", ""features_mobile_data_resubmission"", ""features_mobile_business_sourcing"", ""features_application_esign"", ""features_mobile_house_verification"", ""features_collection_agency"", ""features_retail_demand_reassignment"", ""features_retail_demand_assignment"", ""features_aml_qc_check""], ""holiday_reason"": """", ""is_cbs_holiday"": false, ""message"": ""List of features fetched successfully"", ""success"": true}",
prasad@guat.esafbank.com,dashboard_statistics,SUCCESS,"{""results"": {""partners"": 0, ""total_customer"": 0, ""total_products"": 18}}",
prasad@guat.esafbank.com,dashboard_detailed_v1,SUCCESS,"{""results"": {""average_running_loans"": {""-2"": 0, ""2-3"": 0, ""3+"": 0}, ""credit_score"": {""-650"": 0, ""650-700"": 0, ""700+"": 0}, ""education"": {""less_than_tenth"": 0, ""more_than_graduation"": 0, ""tenth_to_graduation"": 0}, ""event_dashboard"": {""collection"": [], ""disbursed"": [], ""in_process"": [], ""rate"": 0, ""rejected"": [], ""sanctioned"": [], ""submission"": [], ""tat"": 0}, ""gender"": {""Female"": 0, ""Male"": 0, ""Others"": 0}, ""income"": {""less_than_twenty"": 0, ""less_than_twenty_percentage"": 0, ""more_than_thirty_five"": 0, ""more_than_thirty_five_percentage"": 0, ""twenty_to_thirty_five"": 0, ""twenty_to_thirty_five_percentage"": 0}}}",
prasad@guat.esafbank.com,dashboard_detailed_v2,SUCCESS,"{""results"": {""application_status_stats"": [{""count"": 0, ""name"": ""Family details Pending"", ""order"": 0}, {""count"": 0, ""name"": ""Group Formation Ready"", ""order"": 1}, {""count"": 0, ""name"": ""DV Ready"", ""order"": 2}, {""count"": 0, ""name"": ""CGT Ready"", ""order"": 3}, {""count"": 0, ""name"": ""HV Ready"", ""order"": 4}, {""count"": 0, ""name"": ""TV Ready"", ""order"": 5}, {""count"": 0, ""name"": ""BV Ready"", ""order"": 6}, {""count"": 0, ""name"": ""GRT Ready"", ""order"": 7}, {""count"": 0, ""name"": ""Kit Generation Ready"", ""order"": 8}, {""count"": 0, ""name"": ""E-Sign Ready"", ""order"": 9}, {""count"": 0, ""name"": ""Disbursement Ready"", ""order"": 10}, {""count"": 0, ""name"": ""LUC Ready"", ""order"": 11}], ""bc_details"": {}, ""credit_type_stats"": {""ETB"": {""applied_amount"": 0, ""disbursed_amount"": 0}, ""NTB"": {""applied_amount"": 0, ""disbursed_amount"": 0}, ""NTC"": {""applied_amount"": 0, ""disbursed_amount"": 0}}, ""failed_applications"": [{""count"": 0, ""name"": ""AML Failed"", ""order"": 0}, {""count"": 0, ""name"": ""BRE Failed"", ""order"": 1}, {""count"": 0, ""name"": ""BUREAU Failed"", ""order"": 2}, {""count"": 0, ""name"": ""BC BRE Failed"", ""order"": 3}, {""count"": 0, ""name"": ""Application Bank Account Failed"", ""order"": 4}, {""count"": 0, ""name"": ""CGT Failed"", ""order"": 5}, {""count"": 0, ""name"": ""HV Failed"", ""order"": 6}, {""count"": 0, ""name"": ""TV Failed"", ""order"": 7}, {""count"": 0, ""name"": ""BV Failed"", ""order"": 8}, {""count"": 0, ""name"": ""Scrutiny Failed"", ""order"": 9}, {""count"": 0, ""name"": ""Dedupe Failed"", ""order"": 10}, {""count"": 0, ""name"": ""GRT Failed"", ""order"": 11}, {""count"": 0, ""name"": ""Disbursement Failed"", ""order"": 12}, {""count"": 0, ""name"": ""CBS Pending or Failed"", ""order"": 13}, {""count"": 0, ""name"": ""Customer CKYC Failed"", ""order"": 14}, {""count"": 0, ""name"": ""Customer EKYC Failed"", ""order"": 15}, {""count"": 0, ""name"": ""Customer OKYC Failed"", ""order"": 16}, {""count"": 0, ""name"": ""Customer Id Verification Failed"", ""order"": 17}, {""count"": 0, ""name"": ""Rejected Applications"", ""order"": 18}, {""count"": 0, ""name"": ""Rejected Customers"", ""order"": 19}]}}",
divya@guat.esafbank.com,user_access_feature,SUCCESS,"{""data"": {""created_at"": ""2026-08-13T17:28:36.748000+00:00"", ""date_of_joining"": ""2026-08-05"", ""email"": ""divya@guat.esafbank.com"", ""employee_id"": ""2622500035"", ""failed_login_datetime"": null, ""first_name"": ""Divya"", ""last_login"": ""2026-08-14T14:05:40.279000+00:00"", ""last_name"": ""B"", ""postal_address"": ""Indiranagar"", ""postal_city"": ""Bengaluru"", ""postal_code"": ""180008"", ""postal_country"": ""-1"", ""postal_state"": ""JK"", ""postal_tele_code"": ""+91"", ""postal_telephone"": ""9976790009"", ""profile_image"": """", ""reset_password"": false, ""role"": ""Organisation Administrator""}, ""features"": [""features_admin"", ""features_lms_api"", ""features_geo_api"", ""features_mobile_sourcing"", ""features_profile"", ""features_manuals"", ""features_notifications"", ""features_api_applications_list"", ""features_api_applications_post"", ""features_api_performance_target"", ""features_performance_target"", ""features_fos_branches"", ""features_applications_track"", ""features_applications_cashflow"", ""features_applications_analysis"", ""features_applications_scrutiny"", ""features_applications_sanction"", ""features_fees_collection"", ""features_applications_disbursement"", ""features_applications_disbursement_kit_generation"", ""hignmark_equifax"", ""search_by_app_id"", ""search_by_app_name"", ""accounts_reports"", ""features_applications_luc"", ""features_monitor_visit"", ""features_leadr"", ""features_leadr_report"", ""features_leadr_dashboard"", ""lawyer_valuer_access"", ""rm_update_access"", ""cm_update_access"", ""features_collections"", ""features_view_collections"", ""collection_dashboard"", ""features_verify_payments"", ""features_upload_collection_apk"", ""cashless_reports"", ""features_application_reassignment"", ""highmark_report_allow"", ""api_encore_disbursement"", ""features_applications_update_loan"", ""branchwise_closing_report_allow"", ""lms_collection_datewise_report_allow"", ""features_bre"", ""features_post_registration_apps_analysis"", ""feature_fee_collection"", ""feature_kit_generation"", ""sanction-failed-apps"", ""e_mandate_authorization"", ""cancel_subscription"", ""allowed_to_access_webapp"", ""customer_list_view"", ""customer_view"", ""applications_list_view"", ""application_view"", ""disbursement_report"", ""features_cgt_web"", ""features_cgt_stats"", ""features_cgt_manage"", ""features_api_cgt"", ""features_api_cap"", ""features_api_products"", ""features_api_timeslots"", ""features_api_center_groups"", ""features_application_deletion"", ""feature_support"", ""features_center_groups_manage"", ""features_district_subdistrict"", ""features_center_group_list"", ""features_center_groups_create"", ""features_center_groups_update"", ""features_center_active_update"", ""features_center_assignment"", ""features_disbursement"", ""features_disbursement_group_stats"", ""features_disbursement_center_stats"", ""features_grt_web"", ""features_grt_stats"", ""features_grt_manage"", ""features_api_grt"", ""features_api_cross_verification"", ""features_api_cap_cross_verification"", ""features_api_cap_submission"", ""branches_centers"", ""search_by_group_id"", ""search_by_group_name"", ""features_group_update"", ""search_by_center_id"", ""search_by_center_name"", ""features_upload_apk"", ""accounts_new_reports"", ""features_luc"", ""highmark_update"", ""features_cross_sell"", ""api_permission"", ""features_api_village"", ""features_api_village_survey_verification"", ""features_api_village_survey_approval"", ""features_api_village_resurvey"", ""features_village_reassignment"", ""features_api_center_creation"", ""branchwise_closing_report"", ""village_report_allow"", ""cattle_insurance_report"", ""features_bre_delete"", ""crop_loan_report"", ""features_application_retry"", ""features_reassign_demand"", ""features_manage_neft"", ""features_manage_bank_repayment"", ""features_manage_adhoc"", ""features_generate_loan_card"", ""features_repayment_update"", ""features_customer"", ""okyc_validation"", ""features_api_face_liveness_check"", ""features_settings"", ""features_organisation"", ""features_manage_branch"", ""features_manage_district_subdistrict"", ""features_manage_employee"", ""features_bc_management"", ""features_master_data"", ""features_status_creation"", ""features_products"", ""features_update_collection_dates"", ""features_state_id"", ""features_api_business_verification"", ""features_verification_dates"", ""features_audit"", ""external_api_logs"", ""features_scrutiny_check"", ""features_rejected_cases"", ""feature_for_custom_notification"", ""feature_for_update_notification"", ""features_pending_cases"", ""features_tele_verification_questions"", ""features_tele_verification"", ""features_quality_check"", ""features_discrepancy_checker"", ""bulk_data_upload_feature"", ""portfolio_transfer"", ""feature_pg_kit"", ""features_insurer"", ""feature_for_cpc_bucket"", ""features_pgk_verification"", ""customer_mobile_update"", ""feature_for_credit_verification"", ""application_move_back"", ""pre_closure"", ""features_workflow"", ""feature_bre_rule"", ""features_bc_approval"", ""features_branch_approval"", ""features_mobile_group_formation"", ""features_mobile_data_resubmission"", ""features_mobile_business_sourcing"", ""features_application_esign"", ""features_mobile_house_verification"", ""features_collection_agency"", ""features_retail_demand_reassignment"", ""features_retail_demand_assignment"", ""features_aml_qc_check""], ""holiday_reason"": """", ""is_cbs_holiday"": false, ""message"": ""List of features fetched successfully"", ""success"": true}",
divya@guat.esafbank.com,dashboard_statistics,SUCCESS,"{""results"": {""partners"": 0, ""total_customer"": 0, ""total_products"": 18}}",
divya@guat.esafbank.com,dashboard_detailed_v1,SUCCESS,"{""results"": {""average_running_loans"": {""-2"": 0, ""2-3"": 0, ""3+"": 0}, ""credit_score"": {""-650"": 0, ""650-700"": 0, ""700+"": 0}, ""education"": {""less_than_tenth"": 0, ""more_than_graduation"": 0, ""tenth_to_graduation"": 0}, ""event_dashboard"": {""collection"": [], ""disbursed"": [], ""in_process"": [], ""rate"": 0, ""rejected"": [], ""sanctioned"": [], ""submission"": [], ""tat"": 0}, ""gender"": {""Female"": 0, ""Male"": 0, ""Others"": 0}, ""income"": {""less_than_twenty"": 0, ""less_than_twenty_percentage"": 0, ""more_than_thirty_five"": 0, ""more_than_thirty_five_percentage"": 0, ""twenty_to_thirty_five"": 0, ""twenty_to_thirty_five_percentage"": 0}}}",
divya@guat.esafbank.com,dashboard_detailed_v2,SUCCESS,"{""results"": {""application_status_stats"": [{""count"": 0, ""name"": ""Family details Pending"", ""order"": 0}, {""count"": 0, ""name"": ""Group Formation Ready"", ""order"": 1}, {""count"": 0, ""name"": ""DV Ready"", ""order"": 2}, {""count"": 0, ""name"": ""CGT Ready"", ""order"": 3}, {""count"": 0, ""name"": ""HV Ready"", ""order"": 4}, {""count"": 0, ""name"": ""TV Ready"", ""order"": 5}, {""count"": 0, ""name"": ""BV Ready"", ""order"": 6}, {""count"": 0, ""name"": ""GRT Ready"", ""order"": 7}, {""count"": 0, ""name"": ""Kit Generation Ready"", ""order"": 8}, {""count"": 0, ""name"": ""E-Sign Ready"", ""order"": 9}, {""count"": 0, ""name"": ""Disbursement Ready"", ""order"": 10}, {""count"": 0, ""name"": ""LUC Ready"", ""order"": 11}], ""bc_details"": {}, ""credit_type_stats"": {""ETB"": {""applied_amount"": 0, ""disbursed_amount"": 0}, ""NTB"": {""applied_amount"": 0, ""disbursed_amount"": 0}, ""NTC"": {""applied_amount"": 0, ""disbursed_amount"": 0}}, ""failed_applications"": [{""count"": 0, ""name"": ""AML Failed"", ""order"": 0}, {""count"": 0, ""name"": ""BRE Failed"", ""order"": 1}, {""count"": 0, ""name"": ""BUREAU Failed"", ""order"": 2}, {""count"": 0, ""name"": ""BC BRE Failed"", ""order"": 3}, {""count"": 0, ""name"": ""Application Bank Account Failed"", ""order"": 4}, {""count"": 0, ""name"": ""CGT Failed"", ""order"": 5}, {""count"": 0, ""name"": ""HV Failed"", ""order"": 6}, {""count"": 0, ""name"": ""TV Failed"", ""order"": 7}, {""count"": 0, ""name"": ""BV Failed"", ""order"": 8}, {""count"": 0, ""name"": ""Scrutiny Failed"", ""order"": 9}, {""count"": 0, ""name"": ""Dedupe Failed"", ""order"": 10}, {""count"": 0, ""name"": ""GRT Failed"", ""order"": 11}, {""count"": 0, ""name"": ""Disbursement Failed"", ""order"": 12}, {""count"": 0, ""name"": ""CBS Pending or Failed"", ""order"": 13}, {""count"": 0, ""name"": ""Customer CKYC Failed"", ""order"": 14}, {""count"": 0, ""name"": ""Customer EKYC Failed"", ""order"": 15}, {""count"": 0, ""name"": ""Customer OKYC Failed"", ""order"": 16}, {""count"": 0, ""name"": ""Customer Id Verification Failed"", ""order"": 17}, {""count"": 0, ""name"": ""Rejected Applications"", ""order"": 18}, {""count"": 0, ""name"": ""Rejected Customers"", ""order"": 19}]}}",
aryan@guat.esafbank.com,user_access_feature,SUCCESS,"{""data"": {""created_at"": ""2026-08-13T11:37:14.909000+00:00"", ""date_of_joining"": ""2026-08-13"", ""email"": ""aryan@guat.esafbank.com"", ""employee_id"": ""2622500017"", ""failed_login_datetime"": null, ""first_name"": ""Aryan"", ""last_login"": ""2026-08-14T14:05:23.477000+00:00"", ""last_name"": ""Admin"", ""postal_address"": ""1st kabul, kaula, kabuland."", ""postal_city"": ""Bengaluru"", ""postal_code"": ""560008"", ""postal_country"": ""-1"", ""postal_state"": ""KA"", ""postal_tele_code"": ""+91"", ""postal_telephone"": ""8995005555"", ""profile_image"": """", ""reset_password"": false, ""role"": ""Organisation Administrator""}, ""features"": [""features_admin"", ""features_lms_api"", ""features_geo_api"", ""features_mobile_sourcing"", ""features_profile"", ""features_manuals"", ""features_notifications"", ""features_api_applications_list"", ""features_api_applications_post"", ""features_api_performance_target"", ""features_performance_target"", ""features_fos_branches"", ""features_applications_track"", ""features_applications_cashflow"", ""features_applications_analysis"", ""features_applications_scrutiny"", ""features_applications_sanction"", ""features_fees_collection"", ""features_applications_disbursement"", ""features_applications_disbursement_kit_generation"", ""hignmark_equifax"", ""search_by_app_id"", ""search_by_app_name"", ""accounts_reports"", ""features_applications_luc"", ""features_monitor_visit"", ""features_leadr"", ""features_leadr_report"", ""features_leadr_dashboard"", ""lawyer_valuer_access"", ""rm_update_access"", ""cm_update_access"", ""features_collections"", ""features_view_collections"", ""collection_dashboard"", ""features_verify_payments"", ""features_upload_collection_apk"", ""cashless_reports"", ""features_application_reassignment"", ""highmark_report_allow"", ""api_encore_disbursement"", ""features_applications_update_loan"", ""branchwise_closing_report_allow"", ""lms_collection_datewise_report_allow"", ""features_bre"", ""features_post_registration_apps_analysis"", ""feature_fee_collection"", ""feature_kit_generation"", ""sanction-failed-apps"", ""e_mandate_authorization"", ""cancel_subscription"", ""allowed_to_access_webapp"", ""customer_list_view"", ""customer_view"", ""applications_list_view"", ""application_view"", ""disbursement_report"", ""features_cgt_web"", ""features_cgt_stats"", ""features_cgt_manage"", ""features_api_cgt"", ""features_api_cap"", ""features_api_products"", ""features_api_timeslots"", ""features_api_center_groups"", ""features_application_deletion"", ""feature_support"", ""features_center_groups_manage"", ""features_district_subdistrict"", ""features_center_group_list"", ""features_center_groups_create"", ""features_center_groups_update"", ""features_center_active_update"", ""features_center_assignment"", ""features_disbursement"", ""features_disbursement_group_stats"", ""features_disbursement_center_stats"", ""features_grt_web"", ""features_grt_stats"", ""features_grt_manage"", ""features_api_grt"", ""features_api_cross_verification"", ""features_api_cap_cross_verification"", ""features_api_cap_submission"", ""branches_centers"", ""search_by_group_id"", ""search_by_group_name"", ""features_group_update"", ""search_by_center_id"", ""search_by_center_name"", ""features_upload_apk"", ""accounts_new_reports"", ""features_luc"", ""highmark_update"", ""features_cross_sell"", ""api_permission"", ""features_api_village"", ""features_api_village_survey_verification"", ""features_api_village_survey_approval"", ""features_api_village_resurvey"", ""features_village_reassignment"", ""features_api_center_creation"", ""branchwise_closing_report"", ""village_report_allow"", ""cattle_insurance_report"", ""features_bre_delete"", ""crop_loan_report"", ""features_application_retry"", ""features_reassign_demand"", ""features_manage_neft"", ""features_manage_bank_repayment"", ""features_manage_adhoc"", ""features_generate_loan_card"", ""features_repayment_update"", ""features_customer"", ""okyc_validation"", ""features_api_face_liveness_check"", ""features_settings"", ""features_organisation"", ""features_manage_branch"", ""features_manage_district_subdistrict"", ""features_manage_employee"", ""features_bc_management"", ""features_master_data"", ""features_status_creation"", ""features_products"", ""features_update_collection_dates"", ""features_state_id"", ""features_api_business_verification"", ""features_verification_dates"", ""features_audit"", ""external_api_logs"", ""features_scrutiny_check"", ""features_rejected_cases"", ""feature_for_custom_notification"", ""feature_for_update_notification"", ""features_pending_cases"", ""features_tele_verification_questions"", ""features_tele_verification"", ""features_quality_check"", ""features_discrepancy_checker"", ""bulk_data_upload_feature"", ""portfolio_transfer"", ""feature_pg_kit"", ""features_insurer"", ""feature_for_cpc_bucket"", ""features_pgk_verification"", ""customer_mobile_update"", ""feature_for_credit_verification"", ""application_move_back"", ""pre_closure"", ""features_workflow"", ""feature_bre_rule"", ""features_bc_approval"", ""features_branch_approval"", ""features_mobile_group_formation"", ""features_mobile_data_resubmission"", ""features_mobile_business_sourcing"", ""features_application_esign"", ""features_mobile_house_verification"", ""features_collection_agency"", ""features_retail_demand_reassignment"", ""features_retail_demand_assignment"", ""features_aml_qc_check""], ""holiday_reason"": """", ""is_cbs_holiday"": false, ""message"": ""List of features fetched successfully"", ""success"": true}",
aryan@guat.esafbank.com,dashboard_statistics,SUCCESS,"{""results"": {""partners"": 0, ""total_customer"": 0, ""total_products"": 18}}",
aryan@guat.esafbank.com,dashboard_detailed_v1,SUCCESS,"{""results"": {""average_running_loans"": {""-2"": 0, ""2-3"": 0, ""3+"": 0}, ""credit_score"": {""-650"": 0, ""650-700"": 0, ""700+"": 0}, ""education"": {""less_than_tenth"": 0, ""more_than_graduation"": 0, ""tenth_to_graduation"": 0}, ""event_dashboard"": {""collection"": [], ""disbursed"": [], ""in_process"": [], ""rate"": 0, ""rejected"": [], ""sanctioned"": [], ""submission"": [], ""tat"": 0}, ""gender"": {""Female"": 0, ""Male"": 0, ""Others"": 0}, ""income"": {""less_than_twenty"": 0, ""less_than_twenty_percentage"": 0, ""more_than_thirty_five"": 0, ""more_than_thirty_five_percentage"": 0, ""twenty_to_thirty_five"": 0, ""twenty_to_thirty_five_percentage"": 0}}}",
aryan@guat.esafbank.com,dashboard_detailed_v2,SUCCESS,"{""results"": {""application_status_stats"": [{""count"": 0, ""name"": ""Family details Pending"", ""order"": 0}, {""count"": 0, ""name"": ""Group Formation Ready"", ""order"": 1}, {""count"": 0, ""name"": ""DV Ready"", ""order"": 2}, {""count"": 0, ""name"": ""CGT Ready"", ""order"": 3}, {""count"": 0, ""name"": ""HV Ready"", ""order"": 4}, {""count"": 0, ""name"": ""TV Ready"", ""order"": 5}, {""count"": 0, ""name"": ""BV Ready"", ""order"": 6}, {""count"": 0, ""name"": ""GRT Ready"", ""order"": 7}, {""count"": 0, ""name"": ""Kit Generation Ready"", ""order"": 8}, {""count"": 0, ""name"": ""E-Sign Ready"", ""order"": 9}, {""count"": 0, ""name"": ""Disbursement Ready"", ""order"": 10}, {""count"": 0, ""name"": ""LUC Ready"", ""order"": 11}], ""bc_details"": {}, ""credit_type_stats"": {""ETB"": {""applied_amount"": 0, ""disbursed_amount"": 0}, ""NTB"": {""applied_amount"": 0, ""disbursed_amount"": 0}, ""NTC"": {""applied_amount"": 0, ""disbursed_amount"": 0}}, ""failed_applications"": [{""count"": 0, ""name"": ""AML Failed"", ""order"": 0}, {""count"": 0, ""name"": ""BRE Failed"", ""order"": 1}, {""count"": 0, ""name"": ""BUREAU Failed"", ""order"": 2}, {""count"": 0, ""name"": ""BC BRE Failed"", ""order"": 3}, {""count"": 0, ""name"": ""Application Bank Account Failed"", ""order"": 4}, {""count"": 0, ""name"": ""CGT Failed"", ""order"": 5}, {""count"": 0, ""name"": ""HV Failed"", ""order"": 6}, {""count"": 0, ""name"": ""TV Failed"", ""order"": 7}, {""count"": 0, ""name"": ""BV Failed"", ""order"": 8}, {""count"": 0, ""name"": ""Scrutiny Failed"", ""order"": 9}, {""count"": 0, ""name"": ""Dedupe Failed"", ""order"": 10}, {""count"": 0, ""name"": ""GRT Failed"", ""order"": 11}, {""count"": 0, ""name"": ""Disbursement Failed"", ""order"": 12}, {""count"": 0, ""name"": ""CBS Pending or Failed"", ""order"": 13}, {""count"": 0, ""name"": ""Customer CKYC Failed"", ""order"": 14}, {""count"": 0, ""name"": ""Customer EKYC Failed"", ""order"": 15}, {""count"": 0, ""name"": ""Customer OKYC Failed"", ""order"": 16}, {""count"": 0, ""name"": ""Customer Id Verification Failed"", ""order"": 17}, {""count"": 0, ""name"": ""Rejected Applications"", ""order"": 18}, {""count"": 0, ""name"": ""Rejected Customers"", ""order"": 19}]}}",
hithesh@guat.esafbank.com,user_access_feature,SUCCESS,"{""data"": {""created_at"": ""2026-08-13T11:53:02.723000+00:00"", ""date_of_joining"": ""2026-08-13"", ""email"": ""hithesh@guat.esafbank.com"", ""employee_id"": ""2622500021"", ""failed_login_datetime"": null, ""first_name"": ""Hithesh"", ""last_login"": ""2026-08-14T14:10:39.751000+00:00"", ""last_name"": ""Admin"", ""postal_address"": ""1st kabul, kaula, kabuland."", ""postal_city"": ""Bengaluru"", ""postal_code"": ""560008"", ""postal_country"": ""-1"", ""postal_state"": ""KA"", ""postal_tele_code"": ""+91"", ""postal_telephone"": ""8409404040"", ""profile_image"": """", ""reset_password"": false, ""role"": ""Organisation Administrator""}, ""features"": [""features_admin"", ""features_lms_api"", ""features_geo_api"", ""features_mobile_sourcing"", ""features_profile"", ""features_manuals"", ""features_notifications"", ""features_api_applications_list"", ""features_api_applications_post"", ""features_api_performance_target"", ""features_performance_target"", ""features_fos_branches"", ""features_applications_track"", ""features_applications_cashflow"", ""features_applications_analysis"", ""features_applications_scrutiny"", ""features_applications_sanction"", ""features_fees_collection"", ""features_applications_disbursement"", ""features_applications_disbursement_kit_generation"", ""hignmark_equifax"", ""search_by_app_id"", ""search_by_app_name"", ""accounts_reports"", ""features_applications_luc"", ""features_monitor_visit"", ""features_leadr"", ""features_leadr_report"", ""features_leadr_dashboard"", ""lawyer_valuer_access"", ""rm_update_access"", ""cm_update_access"", ""features_collections"", ""features_view_collections"", ""collection_dashboard"", ""features_verify_payments"", ""features_upload_collection_apk"", ""cashless_reports"", ""features_application_reassignment"", ""highmark_report_allow"", ""api_encore_disbursement"", ""features_applications_update_loan"", ""branchwise_closing_report_allow"", ""lms_collection_datewise_report_allow"", ""features_bre"", ""features_post_registration_apps_analysis"", ""feature_fee_collection"", ""feature_kit_generation"", ""sanction-failed-apps"", ""e_mandate_authorization"", ""cancel_subscription"", ""allowed_to_access_webapp"", ""customer_list_view"", ""customer_view"", ""applications_list_view"", ""application_view"", ""disbursement_report"", ""features_cgt_web"", ""features_cgt_stats"", ""features_cgt_manage"", ""features_api_cgt"", ""features_api_cap"", ""features_api_products"", ""features_api_timeslots"", ""features_api_center_groups"", ""features_application_deletion"", ""feature_support"", ""features_center_groups_manage"", ""features_district_subdistrict"", ""features_center_group_list"", ""features_center_groups_create"", ""features_center_groups_update"", ""features_center_active_update"", ""features_center_assignment"", ""features_disbursement"", ""features_disbursement_group_stats"", ""features_disbursement_center_stats"", ""features_grt_web"", ""features_grt_stats"", ""features_grt_manage"", ""features_api_grt"", ""features_api_cross_verification"", ""features_api_cap_cross_verification"", ""features_api_cap_submission"", ""branches_centers"", ""search_by_group_id"", ""search_by_group_name"", ""features_group_update"", ""search_by_center_id"", ""search_by_center_name"", ""features_upload_apk"", ""accounts_new_reports"", ""features_luc"", ""highmark_update"", ""features_cross_sell"", ""api_permission"", ""features_api_village"", ""features_api_village_survey_verification"", ""features_api_village_survey_approval"", ""features_api_village_resurvey"", ""features_village_reassignment"", ""features_api_center_creation"", ""branchwise_closing_report"", ""village_report_allow"", ""cattle_insurance_report"", ""features_bre_delete"", ""crop_loan_report"", ""features_application_retry"", ""features_reassign_demand"", ""features_manage_neft"", ""features_manage_bank_repayment"", ""features_manage_adhoc"", ""features_generate_loan_card"", ""features_repayment_update"", ""features_customer"", ""okyc_validation"", ""features_api_face_liveness_check"", ""features_settings"", ""features_organisation"", ""features_manage_branch"", ""features_manage_district_subdistrict"", ""features_manage_employee"", ""features_bc_management"", ""features_master_data"", ""features_status_creation"", ""features_products"", ""features_update_collection_dates"", ""features_state_id"", ""features_api_business_verification"", ""features_verification_dates"", ""features_audit"", ""external_api_logs"", ""features_scrutiny_check"", ""features_rejected_cases"", ""feature_for_custom_notification"", ""feature_for_update_notification"", ""features_pending_cases"", ""features_tele_verification_questions"", ""features_tele_verification"", ""features_quality_check"", ""features_discrepancy_checker"", ""bulk_data_upload_feature"", ""portfolio_transfer"", ""feature_pg_kit"", ""features_insurer"", ""feature_for_cpc_bucket"", ""features_pgk_verification"", ""customer_mobile_update"", ""feature_for_credit_verification"", ""application_move_back"", ""pre_closure"", ""features_workflow"", ""feature_bre_rule"", ""features_bc_approval"", ""features_branch_approval"", ""features_mobile_group_formation"", ""features_mobile_data_resubmission"", ""features_mobile_business_sourcing"", ""features_application_esign"", ""features_mobile_house_verification"", ""features_collection_agency"", ""features_retail_demand_reassignment"", ""features_retail_demand_assignment"", ""features_aml_qc_check""], ""holiday_reason"": """", ""is_cbs_holiday"": false, ""message"": ""List of features fetched successfully"", ""success"": true}",
hithesh@guat.esafbank.com,dashboard_statistics,SUCCESS,"{""results"": {""partners"": 0, ""total_customer"": 0, ""total_products"": 18}}",
hithesh@guat.esafbank.com,dashboard_detailed_v1,SUCCESS,"{""results"": {""average_running_loans"": {""-2"": 0, ""2-3"": 0, ""3+"": 0}, ""credit_score"": {""-650"": 0, ""650-700"": 0, ""700+"": 0}, ""education"": {""less_than_tenth"": 0, ""more_than_graduation"": 0, ""tenth_to_graduation"": 0}, ""event_dashboard"": {""collection"": [], ""disbursed"": [], ""in_process"": [], ""rate"": 0, ""rejected"": [], ""sanctioned"": [], ""submission"": [], ""tat"": 0}, ""gender"": {""Female"": 0, ""Male"": 0, ""Others"": 0}, ""income"": {""less_than_twenty"": 0, ""less_than_twenty_percentage"": 0, ""more_than_thirty_five"": 0, ""more_than_thirty_five_percentage"": 0, ""twenty_to_thirty_five"": 0, ""twenty_to_thirty_five_percentage"": 0}}}",
hithesh@guat.esafbank.com,dashboard_detailed_v2,SUCCESS,"{""results"": {""application_status_stats"": [{""count"": 0, ""name"": ""Family details Pending"", ""order"": 0}, {""count"": 0, ""name"": ""Group Formation Ready"", ""order"": 1}, {""count"": 0, ""name"": ""DV Ready"", ""order"": 2}, {""count"": 0, ""name"": ""CGT Ready"", ""order"": 3}, {""count"": 0, ""name"": ""HV Ready"", ""order"": 4}, {""count"": 0, ""name"": ""TV Ready"", ""order"": 5}, {""count"": 0, ""name"": ""BV Ready"", ""order"": 6}, {""count"": 0, ""name"": ""GRT Ready"", ""order"": 7}, {""count"": 0, ""name"": ""Kit Generation Ready"", ""order"": 8}, {""count"": 0, ""name"": ""E-Sign Ready"", ""order"": 9}, {""count"": 0, ""name"": ""Disbursement Ready"", ""order"": 10}, {""count"": 0, ""name"": ""LUC Ready"", ""order"": 11}], ""bc_details"": {}, ""credit_type_stats"": {""ETB"": {""applied_amount"": 0, ""disbursed_amount"": 0}, ""NTB"": {""applied_amount"": 0, ""disbursed_amount"": 0}, ""NTC"": {""applied_amount"": 0, ""disbursed_amount"": 0}}, ""failed_applications"": [{""count"": 0, ""name"": ""AML Failed"", ""order"": 0}, {""count"": 0, ""name"": ""BRE Failed"", ""order"": 1}, {""count"": 0, ""name"": ""BUREAU Failed"", ""order"": 2}, {""count"": 0, ""name"": ""BC BRE Failed"", ""order"": 3}, {""count"": 0, ""name"": ""Application Bank Account Failed"", ""order"": 4}, {""count"": 0, ""name"": ""CGT Failed"", ""order"": 5}, {""count"": 0, ""name"": ""HV Failed"", ""order"": 6}, {""count"": 0, ""name"": ""TV Failed"", ""order"": 7}, {""count"": 0, ""name"": ""BV Failed"", ""order"": 8}, {""count"": 0, ""name"": ""Scrutiny Failed"", ""order"": 9}, {""count"": 0, ""name"": ""Dedupe Failed"", ""order"": 10}, {""count"": 0, ""name"": ""GRT Failed"", ""order"": 11}, {""count"": 0, ""name"": ""Disbursement Failed"", ""order"": 12}, {""count"": 0, ""name"": ""CBS Pending or Failed"", ""order"": 13}, {""count"": 0, ""name"": ""Customer CKYC Failed"", ""order"": 14}, {""count"": 0, ""name"": ""Customer EKYC Failed"", ""order"": 15}, {""count"": 0, ""name"": ""Customer OKYC Failed"", ""order"": 16}, {""count"": 0, ""name"": ""Customer Id Verification Failed"", ""order"": 17}, {""count"": 0, ""name"": ""Rejected Applications"", ""order"": 18}, {""count"": 0, ""name"": ""Rejected Customers"", ""order"": 19}]}}",
aishu@guat.esafbank.com,user_access_feature,SUCCESS,"{""data"": {""created_at"": ""2026-08-04T10:42:46.974000+00:00"", ""date_of_joining"": ""2026-07-27"", ""email"": ""aishu@guat.esafbank.com"", ""employee_id"": ""080400001"", ""failed_login_datetime"": null, ""first_name"": ""Aishwarya"", ""last_login"": ""2026-08-14T14:05:24.081000+00:00"", ""last_name"": ""Kapse"", ""postal_address"": ""Indiranagar"", ""postal_city"": ""Banglore"", ""postal_code"": ""560006"", ""postal_country"": ""-1"", ""postal_state"": ""KA"", ""postal_tele_code"": ""+91"", ""postal_telephone"": ""7032364485"", ""profile_image"": """", ""reset_password"": false, ""role"": ""Organisation Administrator""}, ""features"": [""features_admin"", ""features_lms_api"", ""features_geo_api"", ""features_mobile_sourcing"", ""features_profile"", ""features_manuals"", ""features_notifications"", ""features_api_applications_list"", ""features_api_applications_post"", ""features_api_performance_target"", ""features_performance_target"", ""features_fos_branches"", ""features_applications_track"", ""features_applications_cashflow"", ""features_applications_analysis"", ""features_applications_scrutiny"", ""features_applications_sanction"", ""features_fees_collection"", ""features_applications_disbursement"", ""features_applications_disbursement_kit_generation"", ""hignmark_equifax"", ""search_by_app_id"", ""search_by_app_name"", ""accounts_reports"", ""features_applications_luc"", ""features_monitor_visit"", ""features_leadr"", ""features_leadr_report"", ""features_leadr_dashboard"", ""lawyer_valuer_access"", ""rm_update_access"", ""cm_update_access"", ""features_collections"", ""features_view_collections"", ""collection_dashboard"", ""features_verify_payments"", ""features_upload_collection_apk"", ""cashless_reports"", ""features_application_reassignment"", ""highmark_report_allow"", ""api_encore_disbursement"", ""features_applications_update_loan"", ""branchwise_closing_report_allow"", ""lms_collection_datewise_report_allow"", ""features_bre"", ""features_post_registration_apps_analysis"", ""feature_fee_collection"", ""feature_kit_generation"", ""sanction-failed-apps"", ""e_mandate_authorization"", ""cancel_subscription"", ""allowed_to_access_webapp"", ""customer_list_view"", ""customer_view"", ""applications_list_view"", ""application_view"", ""disbursement_report"", ""features_cgt_web"", ""features_cgt_stats"", ""features_cgt_manage"", ""features_api_cgt"", ""features_api_cap"", ""features_api_products"", ""features_api_timeslots"", ""features_api_center_groups"", ""features_application_deletion"", ""feature_support"", ""features_center_groups_manage"", ""features_district_subdistrict"", ""features_center_group_list"", ""features_center_groups_create"", ""features_center_groups_update"", ""features_center_active_update"", ""features_center_assignment"", ""features_disbursement"", ""features_disbursement_group_stats"", ""features_disbursement_center_stats"", ""features_grt_web"", ""features_grt_stats"", ""features_grt_manage"", ""features_api_grt"", ""features_api_cross_verification"", ""features_api_cap_cross_verification"", ""features_api_cap_submission"", ""branches_centers"", ""search_by_group_id"", ""search_by_group_name"", ""features_group_update"", ""search_by_center_id"", ""search_by_center_name"", ""features_upload_apk"", ""accounts_new_reports"", ""features_luc"", ""highmark_update"", ""features_cross_sell"", ""api_permission"", ""features_api_village"", ""features_api_village_survey_verification"", ""features_api_village_survey_approval"", ""features_api_village_resurvey"", ""features_village_reassignment"", ""features_api_center_creation"", ""branchwise_closing_report"", ""village_report_allow"", ""cattle_insurance_report"", ""features_bre_delete"", ""crop_loan_report"", ""features_application_retry"", ""features_reassign_demand"", ""features_manage_neft"", ""features_manage_bank_repayment"", ""features_manage_adhoc"", ""features_generate_loan_card"", ""features_repayment_update"", ""features_customer"", ""okyc_validation"", ""features_api_face_liveness_check"", ""features_settings"", ""features_organisation"", ""features_manage_branch"", ""features_manage_district_subdistrict"", ""features_manage_employee"", ""features_bc_management"", ""features_master_data"", ""features_status_creation"", ""features_products"", ""features_update_collection_dates"", ""features_state_id"", ""features_api_business_verification"", ""features_verification_dates"", ""features_audit"", ""external_api_logs"", ""features_scrutiny_check"", ""features_rejected_cases"", ""feature_for_custom_notification"", ""feature_for_update_notification"", ""features_pending_cases"", ""features_tele_verification_questions"", ""features_tele_verification"", ""features_quality_check"", ""features_discrepancy_checker"", ""bulk_data_upload_feature"", ""portfolio_transfer"", ""feature_pg_kit"", ""features_insurer"", ""feature_for_cpc_bucket"", ""features_pgk_verification"", ""customer_mobile_update"", ""feature_for_credit_verification"", ""application_move_back"", ""pre_closure"", ""features_workflow"", ""feature_bre_rule"", ""features_bc_approval"", ""features_branch_approval"", ""features_mobile_group_formation"", ""features_mobile_data_resubmission"", ""features_mobile_business_sourcing"", ""features_application_esign"", ""features_mobile_house_verification"", ""features_collection_agency"", ""features_retail_demand_reassignment"", ""features_retail_demand_assignment"", ""features_aml_qc_check""], ""holiday_reason"": """", ""is_cbs_holiday"": false, ""message"": ""List of features fetched successfully"", ""success"": true}",
aishu@guat.esafbank.com,dashboard_statistics,SUCCESS,"{""results"": {""partners"": 0, ""total_customer"": 0, ""total_products"": 18}}",
aishu@guat.esafbank.com,dashboard_detailed_v1,SUCCESS,"{""results"": {""average_running_loans"": {""-2"": 0, ""2-3"": 0, ""3+"": 0}, ""credit_score"": {""-650"": 0, ""650-700"": 0, ""700+"": 0}, ""education"": {""less_than_tenth"": 0, ""more_than_graduation"": 0, ""tenth_to_graduation"": 0}, ""event_dashboard"": {""collection"": [], ""disbursed"": [], ""in_process"": [], ""rate"": 0, ""rejected"": [], ""sanctioned"": [], ""submission"": [], ""tat"": 0}, ""gender"": {""Female"": 0, ""Male"": 0, ""Others"": 0}, ""income"": {""less_than_twenty"": 0, ""less_than_twenty_percentage"": 0, ""more_than_thirty_five"": 0, ""more_than_thirty_five_percentage"": 0, ""twenty_to_thirty_five"": 0, ""twenty_to_thirty_five_percentage"": 0}}}",
aishu@guat.esafbank.com,dashboard_detailed_v2,SUCCESS,"{""results"": {""application_status_stats"": [{""count"": 0, ""name"": ""Family details Pending"", ""order"": 0}, {""count"": 0, ""name"": ""Group Formation Ready"", ""order"": 1}, {""count"": 0, ""name"": ""DV Ready"", ""order"": 2}, {""count"": 0, ""name"": ""CGT Ready"", ""order"": 3}, {""count"": 0, ""name"": ""HV Ready"", ""order"": 4}, {""count"": 0, ""name"": ""TV Ready"", ""order"": 5}, {""count"": 0, ""name"": ""BV Ready"", ""order"": 6}, {""count"": 0, ""name"": ""GRT Ready"", ""order"": 7}, {""count"": 0, ""name"": ""Kit Generation Ready"", ""order"": 8}, {""count"": 0, ""name"": ""E-Sign Ready"", ""order"": 9}, {""count"": 0, ""name"": ""Disbursement Ready"", ""order"": 10}, {""count"": 0, ""name"": ""LUC Ready"", ""order"": 11}], ""bc_details"": {}, ""credit_type_stats"": {""ETB"": {""applied_amount"": 0, ""disbursed_amount"": 0}, ""NTB"": {""applied_amount"": 0, ""disbursed_amount"": 0}, ""NTC"": {""applied_amount"": 0, ""disbursed_amount"": 0}}, ""failed_applications"": [{""count"": 0, ""name"": ""AML Failed"", ""order"": 0}, {""count"": 0, ""name"": ""BRE Failed"", ""order"": 1}, {""count"": 0, ""name"": ""BUREAU Failed"", ""order"": 2}, {""count"": 0, ""name"": ""BC BRE Failed"", ""order"": 3}, {""count"": 0, ""name"": ""Application Bank Account Failed"", ""order"": 4}, {""count"": 0, ""name"": ""CGT Failed"", ""order"": 5}, {""count"": 0, ""name"": ""HV Failed"", ""order"": 6}, {""count"": 0, ""name"": ""TV Failed"", ""order"": 7}, {""count"": 0, ""name"": ""BV Failed"", ""order"": 8}, {""count"": 0, ""name"": ""Scrutiny Failed"", ""order"": 9}, {""count"": 0, ""name"": ""Dedupe Failed"", ""order"": 10}, {""count"": 0, ""name"": ""GRT Failed"", ""order"": 11}, {""count"": 0, ""name"": ""Disbursement Failed"", ""order"": 12}, {""count"": 0, ""name"": ""CBS Pending or Failed"", ""order"": 13}, {""count"": 0, ""name"": ""Customer CKYC Failed"", ""order"": 14}, {""count"": 0, ""name"": ""Customer EKYC Failed"", ""order"": 15}, {""count"": 0, ""name"": ""Customer OKYC Failed"", ""order"": 16}, {""count"": 0, ""name"": ""Customer Id Verification Failed"", ""order"": 17}, {""count"": 0, ""name"": ""Rejected Applications"", ""order"": 18}, {""count"": 0, ""name"": ""Rejected Customers"", ""order"": 19}]}}",
harshith@guat.esafbank.com,user_access_feature,LOGIN_FAILED,,"{""message"":""Invalid username or password.""}
"
harshith@guat.esafbank.com,dashboard_statistics,LOGIN_FAILED,,"{""message"":""Invalid username or password.""}
"
harshith@guat.esafbank.com,dashboard_detailed_v1,LOGIN_FAILED,,"{""message"":""Invalid username or password.""}
"
harshith@guat.esafbank.com,dashboard_detailed_v2,LOGIN_FAILED,,"{""message"":""Invalid username or password.""}
"
Shwetha@guat.esafbank.com,user_access_feature,LOGIN_FAILED,,"{""message"":""Invalid username or password.""}
"
Shwetha@guat.esafbank.com,dashboard_statistics,LOGIN_FAILED,,"{""message"":""Invalid username or password.""}
"
Shwetha@guat.esafbank.com,dashboard_detailed_v1,LOGIN_FAILED,,"{""message"":""Invalid username or password.""}
"
Shwetha@guat.esafbank.com,dashboard_detailed_v2,LOGIN_FAILED,,"{""message"":""Invalid username or password.""}
"
nitin@guat.esafbank.com,user_access_feature,LOGIN_FAILED,,"{""message"":""Invalid username or password.""}
"
nitin@guat.esafbank.com,dashboard_statistics,LOGIN_FAILED,,"{""message"":""Invalid username or password.""}
"
nitin@guat.esafbank.com,dashboard_detailed_v1,LOGIN_FAILED,,"{""message"":""Invalid username or password.""}
"
nitin@guat.esafbank.com,dashboard_detailed_v2,LOGIN_FAILED,,"{""message"":""Invalid username or password.""}
"
arpan@guat.esafbank.com,user_access_feature,SUCCESS,"{""data"": {""created_at"": ""2026-07-28T16:43:19.049000+00:00"", ""date_of_joining"": ""2026-07-28"", ""email"": ""arpan@guat.esafbank.com"", ""employee_id"": ""072800004"", ""failed_login_datetime"": null, ""first_name"": ""Arpan"", ""last_login"": ""2026-08-14T14:05:40.034000+00:00"", ""last_name"": ""W"", ""postal_address"": ""Hoskote"", ""postal_city"": ""Bengaluru"", ""postal_code"": ""171008"", ""postal_country"": ""-1"", ""postal_state"": ""HP"", ""postal_tele_code"": ""+91"", ""postal_telephone"": ""9087234567"", ""profile_image"": """", ""reset_password"": false, ""role"": ""Organisation Administrator""}, ""features"": [""features_admin"", ""features_lms_api"", ""features_geo_api"", ""features_mobile_sourcing"", ""features_profile"", ""features_manuals"", ""features_notifications"", ""features_api_applications_list"", ""features_api_applications_post"", ""features_api_performance_target"", ""features_performance_target"", ""features_fos_branches"", ""features_applications_track"", ""features_applications_cashflow"", ""features_applications_analysis"", ""features_applications_scrutiny"", ""features_applications_sanction"", ""features_fees_collection"", ""features_applications_disbursement"", ""features_applications_disbursement_kit_generation"", ""hignmark_equifax"", ""search_by_app_id"", ""search_by_app_name"", ""accounts_reports"", ""features_applications_luc"", ""features_monitor_visit"", ""features_leadr"", ""features_leadr_report"", ""features_leadr_dashboard"", ""lawyer_valuer_access"", ""rm_update_access"", ""cm_update_access"", ""features_collections"", ""features_view_collections"", ""collection_dashboard"", ""features_verify_payments"", ""features_upload_collection_apk"", ""cashless_reports"", ""features_application_reassignment"", ""highmark_report_allow"", ""api_encore_disbursement"", ""features_applications_update_loan"", ""branchwise_closing_report_allow"", ""lms_collection_datewise_report_allow"", ""features_bre"", ""features_post_registration_apps_analysis"", ""feature_fee_collection"", ""feature_kit_generation"", ""sanction-failed-apps"", ""e_mandate_authorization"", ""cancel_subscription"", ""allowed_to_access_webapp"", ""customer_list_view"", ""customer_view"", ""applications_list_view"", ""application_view"", ""disbursement_report"", ""features_cgt_web"", ""features_cgt_stats"", ""features_cgt_manage"", ""features_api_cgt"", ""features_api_cap"", ""features_api_products"", ""features_api_timeslots"", ""features_api_center_groups"", ""features_application_deletion"", ""feature_support"", ""features_center_groups_manage"", ""features_district_subdistrict"", ""features_center_group_list"", ""features_center_groups_create"", ""features_center_groups_update"", ""features_center_active_update"", ""features_center_assignment"", ""features_disbursement"", ""features_disbursement_group_stats"", ""features_disbursement_center_stats"", ""features_grt_web"", ""features_grt_stats"", ""features_grt_manage"", ""features_api_grt"", ""features_api_cross_verification"", ""features_api_cap_cross_verification"", ""features_api_cap_submission"", ""branches_centers"", ""search_by_group_id"", ""search_by_group_name"", ""features_group_update"", ""search_by_center_id"", ""search_by_center_name"", ""features_upload_apk"", ""accounts_new_reports"", ""features_luc"", ""highmark_update"", ""features_cross_sell"", ""api_permission"", ""features_api_village"", ""features_api_village_survey_verification"", ""features_api_village_survey_approval"", ""features_api_village_resurvey"", ""features_village_reassignment"", ""features_api_center_creation"", ""branchwise_closing_report"", ""village_report_allow"", ""cattle_insurance_report"", ""features_bre_delete"", ""crop_loan_report"", ""features_application_retry"", ""features_reassign_demand"", ""features_manage_neft"", ""features_manage_bank_repayment"", ""features_manage_adhoc"", ""features_generate_loan_card"", ""features_repayment_update"", ""features_customer"", ""okyc_validation"", ""features_api_face_liveness_check"", ""features_settings"", ""features_organisation"", ""features_manage_branch"", ""features_manage_district_subdistrict"", ""features_manage_employee"", ""features_bc_management"", ""features_master_data"", ""features_status_creation"", ""features_products"", ""features_update_collection_dates"", ""features_state_id"", ""features_api_business_verification"", ""features_verification_dates"", ""features_audit"", ""external_api_logs"", ""features_scrutiny_check"", ""features_rejected_cases"", ""feature_for_custom_notification"", ""feature_for_update_notification"", ""features_pending_cases"", ""features_tele_verification_questions"", ""features_tele_verification"", ""features_quality_check"", ""features_discrepancy_checker"", ""bulk_data_upload_feature"", ""portfolio_transfer"", ""feature_pg_kit"", ""features_insurer"", ""feature_for_cpc_bucket"", ""features_pgk_verification"", ""customer_mobile_update"", ""feature_for_credit_verification"", ""application_move_back"", ""pre_closure"", ""features_workflow"", ""feature_bre_rule"", ""features_bc_approval"", ""features_branch_approval"", ""features_mobile_group_formation"", ""features_mobile_data_resubmission"", ""features_mobile_business_sourcing"", ""features_application_esign"", ""features_mobile_house_verification"", ""features_collection_agency"", ""features_retail_demand_reassignment"", ""features_retail_demand_assignment"", ""features_aml_qc_check""], ""holiday_reason"": """", ""is_cbs_holiday"": false, ""message"": ""List of features fetched successfully"", ""success"": true}",
arpan@guat.esafbank.com,dashboard_statistics,SUCCESS,"{""results"": {""partners"": 0, ""total_customer"": 0, ""total_products"": 18}}",
arpan@guat.esafbank.com,dashboard_detailed_v1,SUCCESS,"{""results"": {""average_running_loans"": {""-2"": 0, ""2-3"": 0, ""3+"": 0}, ""credit_score"": {""-650"": 0, ""650-700"": 0, ""700+"": 0}, ""education"": {""less_than_tenth"": 0, ""more_than_graduation"": 0, ""tenth_to_graduation"": 0}, ""event_dashboard"": {""collection"": [], ""disbursed"": [], ""in_process"": [], ""rate"": 0, ""rejected"": [], ""sanctioned"": [], ""submission"": [], ""tat"": 0}, ""gender"": {""Female"": 0, ""Male"": 0, ""Others"": 0}, ""income"": {""less_than_twenty"": 0, ""less_than_twenty_percentage"": 0, ""more_than_thirty_five"": 0, ""more_than_thirty_five_percentage"": 0, ""twenty_to_thirty_five"": 0, ""twenty_to_thirty_five_percentage"": 0}}}",
arpan@guat.esafbank.com,dashboard_detailed_v2,SUCCESS,"{""results"": {""application_status_stats"": [{""count"": 0, ""name"": ""Family details Pending"", ""order"": 0}, {""count"": 0, ""name"": ""Group Formation Ready"", ""order"": 1}, {""count"": 0, ""name"": ""DV Ready"", ""order"": 2}, {""count"": 0, ""name"": ""CGT Ready"", ""order"": 3}, {""count"": 0, ""name"": ""HV Ready"", ""order"": 4}, {""count"": 0, ""name"": ""TV Ready"", ""order"": 5}, {""count"": 0, ""name"": ""BV Ready"", ""order"": 6}, {""count"": 0, ""name"": ""GRT Ready"", ""order"": 7}, {""count"": 0, ""name"": ""Kit Generation Ready"", ""order"": 8}, {""count"": 0, ""name"": ""E-Sign Ready"", ""order"": 9}, {""count"": 0, ""name"": ""Disbursement Ready"", ""order"": 10}, {""count"": 0, ""name"": ""LUC Ready"", ""order"": 11}], ""bc_details"": {}, ""credit_type_stats"": {""ETB"": {""applied_amount"": 0, ""disbursed_amount"": 0}, ""NTB"": {""applied_amount"": 0, ""disbursed_amount"": 0}, ""NTC"": {""applied_amount"": 0, ""disbursed_amount"": 0}}, ""failed_applications"": [{""count"": 0, ""name"": ""AML Failed"", ""order"": 0}, {""count"": 0, ""name"": ""BRE Failed"", ""order"": 1}, {""count"": 0, ""name"": ""BUREAU Failed"", ""order"": 2}, {""count"": 0, ""name"": ""BC BRE Failed"", ""order"": 3}, {""count"": 0, ""name"": ""Application Bank Account Failed"", ""order"": 4}, {""count"": 0, ""name"": ""CGT Failed"", ""order"": 5}, {""count"": 0, ""name"": ""HV Failed"", ""order"": 6}, {""count"": 0, ""name"": ""TV Failed"", ""order"": 7}, {""count"": 0, ""name"": ""BV Failed"", ""order"": 8}, {""count"": 0, ""name"": ""Scrutiny Failed"", ""order"": 9}, {""count"": 0, ""name"": ""Dedupe Failed"", ""order"": 10}, {""count"": 0, ""name"": ""GRT Failed"", ""order"": 11}, {""count"": 0, ""name"": ""Disbursement Failed"", ""order"": 12}, {""count"": 0, ""name"": ""CBS Pending or Failed"", ""order"": 13}, {""count"": 0, ""name"": ""Customer CKYC Failed"", ""order"": 14}, {""count"": 0, ""name"": ""Customer EKYC Failed"", ""order"": 15}, {""count"": 0, ""name"": ""Customer OKYC Failed"", ""order"": 16}, {""count"": 0, ""name"": ""Customer Id Verification Failed"", ""order"": 17}, {""count"": 0, ""name"": ""Rejected Applications"", ""order"": 18}, {""count"": 0, ""name"": ""Rejected Customers"", ""order"": 19}]}}",
divya@guat.esafbank.com,user_access_feature,SUCCESS,"{""data"": {""created_at"": ""2026-08-13T17:28:36.748000+00:00"", ""date_of_joining"": ""2026-08-05"", ""email"": ""divya@guat.esafbank.com"", ""employee_id"": ""2622500035"", ""failed_login_datetime"": null, ""first_name"": ""Divya"", ""last_login"": ""2026-08-14T14:10:40.049000+00:00"", ""last_name"": ""B"", ""postal_address"": ""Indiranagar"", ""postal_city"": ""Bengaluru"", ""postal_code"": ""180008"", ""postal_country"": ""-1"", ""postal_state"": ""JK"", ""postal_tele_code"": ""+91"", ""postal_telephone"": ""9976790009"", ""profile_image"": """", ""reset_password"": false, ""role"": ""Organisation Administrator""}, ""features"": [""features_admin"", ""features_lms_api"", ""features_geo_api"", ""features_mobile_sourcing"", ""features_profile"", ""features_manuals"", ""features_notifications"", ""features_api_applications_list"", ""features_api_applications_post"", ""features_api_performance_target"", ""features_performance_target"", ""features_fos_branches"", ""features_applications_track"", ""features_applications_cashflow"", ""features_applications_analysis"", ""features_applications_scrutiny"", ""features_applications_sanction"", ""features_fees_collection"", ""features_applications_disbursement"", ""features_applications_disbursement_kit_generation"", ""hignmark_equifax"", ""search_by_app_id"", ""search_by_app_name"", ""accounts_reports"", ""features_applications_luc"", ""features_monitor_visit"", ""features_leadr"", ""features_leadr_report"", ""features_leadr_dashboard"", ""lawyer_valuer_access"", ""rm_update_access"", ""cm_update_access"", ""features_collections"", ""features_view_collections"", ""collection_dashboard"", ""features_verify_payments"", ""features_upload_collection_apk"", ""cashless_reports"", ""features_application_reassignment"", ""highmark_report_allow"", ""api_encore_disbursement"", ""features_applications_update_loan"", ""branchwise_closing_report_allow"", ""lms_collection_datewise_report_allow"", ""features_bre"", ""features_post_registration_apps_analysis"", ""feature_fee_collection"", ""feature_kit_generation"", ""sanction-failed-apps"", ""e_mandate_authorization"", ""cancel_subscription"", ""allowed_to_access_webapp"", ""customer_list_view"", ""customer_view"", ""applications_list_view"", ""application_view"", ""disbursement_report"", ""features_cgt_web"", ""features_cgt_stats"", ""features_cgt_manage"", ""features_api_cgt"", ""features_api_cap"", ""features_api_products"", ""features_api_timeslots"", ""features_api_center_groups"", ""features_application_deletion"", ""feature_support"", ""features_center_groups_manage"", ""features_district_subdistrict"", ""features_center_group_list"", ""features_center_groups_create"", ""features_center_groups_update"", ""features_center_active_update"", ""features_center_assignment"", ""features_disbursement"", ""features_disbursement_group_stats"", ""features_disbursement_center_stats"", ""features_grt_web"", ""features_grt_stats"", ""features_grt_manage"", ""features_api_grt"", ""features_api_cross_verification"", ""features_api_cap_cross_verification"", ""features_api_cap_submission"", ""branches_centers"", ""search_by_group_id"", ""search_by_group_name"", ""features_group_update"", ""search_by_center_id"", ""search_by_center_name"", ""features_upload_apk"", ""accounts_new_reports"", ""features_luc"", ""highmark_update"", ""features_cross_sell"", ""api_permission"", ""features_api_village"", ""features_api_village_survey_verification"", ""features_api_village_survey_approval"", ""features_api_village_resurvey"", ""features_village_reassignment"", ""features_api_center_creation"", ""branchwise_closing_report"", ""village_report_allow"", ""cattle_insurance_report"", ""features_bre_delete"", ""crop_loan_report"", ""features_application_retry"", ""features_reassign_demand"", ""features_manage_neft"", ""features_manage_bank_repayment"", ""features_manage_adhoc"", ""features_generate_loan_card"", ""features_repayment_update"", ""features_customer"", ""okyc_validation"", ""features_api_face_liveness_check"", ""features_settings"", ""features_organisation"", ""features_manage_branch"", ""features_manage_district_subdistrict"", ""features_manage_employee"", ""features_bc_management"", ""features_master_data"", ""features_status_creation"", ""features_products"", ""features_update_collection_dates"", ""features_state_id"", ""features_api_business_verification"", ""features_verification_dates"", ""features_audit"", ""external_api_logs"", ""features_scrutiny_check"", ""features_rejected_cases"", ""feature_for_custom_notification"", ""feature_for_update_notification"", ""features_pending_cases"", ""features_tele_verification_questions"", ""features_tele_verification"", ""features_quality_check"", ""features_discrepancy_checker"", ""bulk_data_upload_feature"", ""portfolio_transfer"", ""feature_pg_kit"", ""features_insurer"", ""feature_for_cpc_bucket"", ""features_pgk_verification"", ""customer_mobile_update"", ""feature_for_credit_verification"", ""application_move_back"", ""pre_closure"", ""features_workflow"", ""feature_bre_rule"", ""features_bc_approval"", ""features_branch_approval"", ""features_mobile_group_formation"", ""features_mobile_data_resubmission"", ""features_mobile_business_sourcing"", ""features_application_esign"", ""features_mobile_house_verification"", ""features_collection_agency"", ""features_retail_demand_reassignment"", ""features_retail_demand_assignment"", ""features_aml_qc_check""], ""holiday_reason"": """", ""is_cbs_holiday"": false, ""message"": ""List of features fetched successfully"", ""success"": true}",
divya@guat.esafbank.com,dashboard_statistics,SUCCESS,"{""results"": {""partners"": 0, ""total_customer"": 0, ""total_products"": 18}}",
divya@guat.esafbank.com,dashboard_detailed_v1,SUCCESS,"{""results"": {""average_running_loans"": {""-2"": 0, ""2-3"": 0, ""3+"": 0}, ""credit_score"": {""-650"": 0, ""650-700"": 0, ""700+"": 0}, ""education"": {""less_than_tenth"": 0, ""more_than_graduation"": 0, ""tenth_to_graduation"": 0}, ""event_dashboard"": {""collection"": [], ""disbursed"": [], ""in_process"": [], ""rate"": 0, ""rejected"": [], ""sanctioned"": [], ""submission"": [], ""tat"": 0}, ""gender"": {""Female"": 0, ""Male"": 0, ""Others"": 0}, ""income"": {""less_than_twenty"": 0, ""less_than_twenty_percentage"": 0, ""more_than_thirty_five"": 0, ""more_than_thirty_five_percentage"": 0, ""twenty_to_thirty_five"": 0, ""twenty_to_thirty_five_percentage"": 0}}}",
divya@guat.esafbank.com,dashboard_detailed_v2,SUCCESS,"{""results"": {""application_status_stats"": [{""count"": 0, ""name"": ""Family details Pending"", ""order"": 0}, {""count"": 0, ""name"": ""Group Formation Ready"", ""order"": 1}, {""count"": 0, ""name"": ""DV Ready"", ""order"": 2}, {""count"": 0, ""name"": ""CGT Ready"", ""order"": 3}, {""count"": 0, ""name"": ""HV Ready"", ""order"": 4}, {""count"": 0, ""name"": ""TV Ready"", ""order"": 5}, {""count"": 0, ""name"": ""BV Ready"", ""order"": 6}, {""count"": 0, ""name"": ""GRT Ready"", ""order"": 7}, {""count"": 0, ""name"": ""Kit Generation Ready"", ""order"": 8}, {""count"": 0, ""name"": ""E-Sign Ready"", ""order"": 9}, {""count"": 0, ""name"": ""Disbursement Ready"", ""order"": 10}, {""count"": 0, ""name"": ""LUC Ready"", ""order"": 11}], ""bc_details"": {}, ""credit_type_stats"": {""ETB"": {""applied_amount"": 0, ""disbursed_amount"": 0}, ""NTB"": {""applied_amount"": 0, ""disbursed_amount"": 0}, ""NTC"": {""applied_amount"": 0, ""disbursed_amount"": 0}}, ""failed_applications"": [{""count"": 0, ""name"": ""AML Failed"", ""order"": 0}, {""count"": 0, ""name"": ""BRE Failed"", ""order"": 1}, {""count"": 0, ""name"": ""BUREAU Failed"", ""order"": 2}, {""count"": 0, ""name"": ""BC BRE Failed"", ""order"": 3}, {""count"": 0, ""name"": ""Application Bank Account Failed"", ""order"": 4}, {""count"": 0, ""name"": ""CGT Failed"", ""order"": 5}, {""count"": 0, ""name"": ""HV Failed"", ""order"": 6}, {""count"": 0, ""name"": ""TV Failed"", ""order"": 7}, {""count"": 0, ""name"": ""BV Failed"", ""order"": 8}, {""count"": 0, ""name"": ""Scrutiny Failed"", ""order"": 9}, {""count"": 0, ""name"": ""Dedupe Failed"", ""order"": 10}, {""count"": 0, ""name"": ""GRT Failed"", ""order"": 11}, {""count"": 0, ""name"": ""Disbursement Failed"", ""order"": 12}, {""count"": 0, ""name"": ""CBS Pending or Failed"", ""order"": 13}, {""count"": 0, ""name"": ""Customer CKYC Failed"", ""order"": 14}, {""count"": 0, ""name"": ""Customer EKYC Failed"", ""order"": 15}, {""count"": 0, ""name"": ""Customer OKYC Failed"", ""order"": 16}, {""count"": 0, ""name"": ""Customer Id Verification Failed"", ""order"": 17}, {""count"": 0, ""name"": ""Rejected Applications"", ""order"": 18}, {""count"": 0, ""name"": ""Rejected Customers"", ""order"": 19}]}}",
sameer@guat.esafbank.com,user_access_feature,SUCCESS,"{""data"": {""created_at"": ""2026-07-28T15:49:28.344000+00:00"", ""date_of_joining"": ""2026-07-28"", ""email"": ""sameer@guat.esafbank.com"", ""employee_id"": ""072800001"", ""failed_login_datetime"": ""2026-08-11T17:25:27.717000+00:00"", ""first_name"": ""Sameer"", ""last_login"": ""2026-08-14T14:05:39.984000+00:00"", ""last_name"": ""T"", ""postal_address"": ""Indiranagar"", ""postal_city"": ""Bengaluru"", ""postal_code"": ""171003"", ""postal_country"": ""-1"", ""postal_state"": ""HP"", ""postal_tele_code"": ""+91"", ""postal_telephone"": ""9876543456"", ""profile_image"": """", ""reset_password"": false, ""role"": ""Organisation Administrator""}, ""features"": [""features_admin"", ""features_lms_api"", ""features_geo_api"", ""features_mobile_sourcing"", ""features_profile"", ""features_manuals"", ""features_notifications"", ""features_api_applications_list"", ""features_api_applications_post"", ""features_api_performance_target"", ""features_performance_target"", ""features_fos_branches"", ""features_applications_track"", ""features_applications_cashflow"", ""features_applications_analysis"", ""features_applications_scrutiny"", ""features_applications_sanction"", ""features_fees_collection"", ""features_applications_disbursement"", ""features_applications_disbursement_kit_generation"", ""hignmark_equifax"", ""search_by_app_id"", ""search_by_app_name"", ""accounts_reports"", ""features_applications_luc"", ""features_monitor_visit"", ""features_leadr"", ""features_leadr_report"", ""features_leadr_dashboard"", ""lawyer_valuer_access"", ""rm_update_access"", ""cm_update_access"", ""features_collections"", ""features_view_collections"", ""collection_dashboard"", ""features_verify_payments"", ""features_upload_collection_apk"", ""cashless_reports"", ""features_application_reassignment"", ""highmark_report_allow"", ""api_encore_disbursement"", ""features_applications_update_loan"", ""branchwise_closing_report_allow"", ""lms_collection_datewise_report_allow"", ""features_bre"", ""features_post_registration_apps_analysis"", ""feature_fee_collection"", ""feature_kit_generation"", ""sanction-failed-apps"", ""e_mandate_authorization"", ""cancel_subscription"", ""allowed_to_access_webapp"", ""customer_list_view"", ""customer_view"", ""applications_list_view"", ""application_view"", ""disbursement_report"", ""features_cgt_web"", ""features_cgt_stats"", ""features_cgt_manage"", ""features_api_cgt"", ""features_api_cap"", ""features_api_products"", ""features_api_timeslots"", ""features_api_center_groups"", ""features_application_deletion"", ""feature_support"", ""features_center_groups_manage"", ""features_district_subdistrict"", ""features_center_group_list"", ""features_center_groups_create"", ""features_center_groups_update"", ""features_center_active_update"", ""features_center_assignment"", ""features_disbursement"", ""features_disbursement_group_stats"", ""features_disbursement_center_stats"", ""features_grt_web"", ""features_grt_stats"", ""features_grt_manage"", ""features_api_grt"", ""features_api_cross_verification"", ""features_api_cap_cross_verification"", ""features_api_cap_submission"", ""branches_centers"", ""search_by_group_id"", ""search_by_group_name"", ""features_group_update"", ""search_by_center_id"", ""search_by_center_name"", ""features_upload_apk"", ""accounts_new_reports"", ""features_luc"", ""highmark_update"", ""features_cross_sell"", ""api_permission"", ""features_api_village"", ""features_api_village_survey_verification"", ""features_api_village_survey_approval"", ""features_api_village_resurvey"", ""features_village_reassignment"", ""features_api_center_creation"", ""branchwise_closing_report"", ""village_report_allow"", ""cattle_insurance_report"", ""features_bre_delete"", ""crop_loan_report"", ""features_application_retry"", ""features_reassign_demand"", ""features_manage_neft"", ""features_manage_bank_repayment"", ""features_manage_adhoc"", ""features_generate_loan_card"", ""features_repayment_update"", ""features_customer"", ""okyc_validation"", ""features_api_face_liveness_check"", ""features_settings"", ""features_organisation"", ""features_manage_branch"", ""features_manage_district_subdistrict"", ""features_manage_employee"", ""features_bc_management"", ""features_master_data"", ""features_status_creation"", ""features_products"", ""features_update_collection_dates"", ""features_state_id"", ""features_api_business_verification"", ""features_verification_dates"", ""features_audit"", ""external_api_logs"", ""features_scrutiny_check"", ""features_rejected_cases"", ""feature_for_custom_notification"", ""feature_for_update_notification"", ""features_pending_cases"", ""features_tele_verification_questions"", ""features_tele_verification"", ""features_quality_check"", ""features_discrepancy_checker"", ""bulk_data_upload_feature"", ""portfolio_transfer"", ""feature_pg_kit"", ""features_insurer"", ""feature_for_cpc_bucket"", ""features_pgk_verification"", ""customer_mobile_update"", ""feature_for_credit_verification"", ""application_move_back"", ""pre_closure"", ""features_workflow"", ""feature_bre_rule"", ""features_bc_approval"", ""features_branch_approval"", ""features_mobile_group_formation"", ""features_mobile_data_resubmission"", ""features_mobile_business_sourcing"", ""features_application_esign"", ""features_mobile_house_verification"", ""features_collection_agency"", ""features_retail_demand_reassignment"", ""features_retail_demand_assignment"", ""features_aml_qc_check""], ""holiday_reason"": """", ""is_cbs_holiday"": false, ""message"": ""List of features fetched successfully"", ""success"": true}",
sameer@guat.esafbank.com,dashboard_statistics,SUCCESS,"{""results"": {""partners"": 0, ""total_customer"": 0, ""total_products"": 18}}",
sameer@guat.esafbank.com,dashboard_detailed_v1,SUCCESS,"{""results"": {""average_running_loans"": {""-2"": 0, ""2-3"": 0, ""3+"": 0}, ""credit_score"": {""-650"": 0, ""650-700"": 0, ""700+"": 0}, ""education"": {""less_than_tenth"": 0, ""more_than_graduation"": 0, ""tenth_to_graduation"": 0}, ""event_dashboard"": {""collection"": [], ""disbursed"": [], ""in_process"": [], ""rate"": 0, ""rejected"": [], ""sanctioned"": [], ""submission"": [], ""tat"": 0}, ""gender"": {""Female"": 0, ""Male"": 0, ""Others"": 0}, ""income"": {""less_than_twenty"": 0, ""less_than_twenty_percentage"": 0, ""more_than_thirty_five"": 0, ""more_than_thirty_five_percentage"": 0, ""twenty_to_thirty_five"": 0, ""twenty_to_thirty_five_percentage"": 0}}}",
sameer@guat.esafbank.com,dashboard_detailed_v2,SUCCESS,"{""results"": {""application_status_stats"": [{""count"": 0, ""name"": ""Family details Pending"", ""order"": 0}, {""count"": 0, ""name"": ""Group Formation Ready"", ""order"": 1}, {""count"": 0, ""name"": ""DV Ready"", ""order"": 2}, {""count"": 0, ""name"": ""CGT Ready"", ""order"": 3}, {""count"": 0, ""name"": ""HV Ready"", ""order"": 4}, {""count"": 0, ""name"": ""TV Ready"", ""order"": 5}, {""count"": 0, ""name"": ""BV Ready"", ""order"": 6}, {""count"": 0, ""name"": ""GRT Ready"", ""order"": 7}, {""count"": 0, ""name"": ""Kit Generation Ready"", ""order"": 8}, {""count"": 0, ""name"": ""E-Sign Ready"", ""order"": 9}, {""count"": 0, ""name"": ""Disbursement Ready"", ""order"": 10}, {""count"": 0, ""name"": ""LUC Ready"", ""order"": 11}], ""bc_details"": {}, ""credit_type_stats"": {""ETB"": {""applied_amount"": 0, ""disbursed_amount"": 0}, ""NTB"": {""applied_amount"": 0, ""disbursed_amount"": 0}, ""NTC"": {""applied_amount"": 0, ""disbursed_amount"": 0}}, ""failed_applications"": [{""count"": 0, ""name"": ""AML Failed"", ""order"": 0}, {""count"": 0, ""name"": ""BRE Failed"", ""order"": 1}, {""count"": 0, ""name"": ""BUREAU Failed"", ""order"": 2}, {""count"": 0, ""name"": ""BC BRE Failed"", ""order"": 3}, {""count"": 0, ""name"": ""Application Bank Account Failed"", ""order"": 4}, {""count"": 0, ""name"": ""CGT Failed"", ""order"": 5}, {""count"": 0, ""name"": ""HV Failed"", ""order"": 6}, {""count"": 0, ""name"": ""TV Failed"", ""order"": 7}, {""count"": 0, ""name"": ""BV Failed"", ""order"": 8}, {""count"": 0, ""name"": ""Scrutiny Failed"", ""order"": 9}, {""count"": 0, ""name"": ""Dedupe Failed"", ""order"": 10}, {""count"": 0, ""name"": ""GRT Failed"", ""order"": 11}, {""count"": 0, ""name"": ""Disbursement Failed"", ""order"": 12}, {""count"": 0, ""name"": ""CBS Pending or Failed"", ""order"": 13}, {""count"": 0, ""name"": ""Customer CKYC Failed"", ""order"": 14}, {""count"": 0, ""name"": ""Customer EKYC Failed"", ""order"": 15}, {""count"": 0, ""name"": ""Customer OKYC Failed"", ""order"": 16}, {""count"": 0, ""name"": ""Customer Id Verification Failed"", ""order"": 17}, {""count"": 0, ""name"": ""Rejected Applications"", ""order"": 18}, {""count"": 0, ""name"": ""Rejected Customers"", ""order"": 19}]}}",
ram@guat.esafbank.com,user_access_feature,SUCCESS,"{""data"": {""created_at"": ""2026-08-13T11:51:41.066000+00:00"", ""date_of_joining"": ""2026-08-06"", ""email"": ""ram@guat.esafbank.com"", ""employee_id"": ""2622500020"", ""failed_login_datetime"": null, ""first_name"": ""Ram"", ""last_login"": ""2026-08-14T14:05:38.775000+00:00"", ""last_name"": ""T"", ""postal_address"": ""Indiranagar"", ""postal_city"": ""Bengaluru"", ""postal_code"": ""171003"", ""postal_country"": ""-1"", ""postal_state"": ""HP"", ""postal_tele_code"": ""+91"", ""postal_telephone"": ""9087000099"", ""profile_image"": """", ""reset_password"": false, ""role"": ""Organisation Administrator""}, ""features"": [""features_admin"", ""features_lms_api"", ""features_geo_api"", ""features_mobile_sourcing"", ""features_profile"", ""features_manuals"", ""features_notifications"", ""features_api_applications_list"", ""features_api_applications_post"", ""features_api_performance_target"", ""features_performance_target"", ""features_fos_branches"", ""features_applications_track"", ""features_applications_cashflow"", ""features_applications_analysis"", ""features_applications_scrutiny"", ""features_applications_sanction"", ""features_fees_collection"", ""features_applications_disbursement"", ""features_applications_disbursement_kit_generation"", ""hignmark_equifax"", ""search_by_app_id"", ""search_by_app_name"", ""accounts_reports"", ""features_applications_luc"", ""features_monitor_visit"", ""features_leadr"", ""features_leadr_report"", ""features_leadr_dashboard"", ""lawyer_valuer_access"", ""rm_update_access"", ""cm_update_access"", ""features_collections"", ""features_view_collections"", ""collection_dashboard"", ""features_verify_payments"", ""features_upload_collection_apk"", ""cashless_reports"", ""features_application_reassignment"", ""highmark_report_allow"", ""api_encore_disbursement"", ""features_applications_update_loan"", ""branchwise_closing_report_allow"", ""lms_collection_datewise_report_allow"", ""features_bre"", ""features_post_registration_apps_analysis"", ""feature_fee_collection"", ""feature_kit_generation"", ""sanction-failed-apps"", ""e_mandate_authorization"", ""cancel_subscription"", ""allowed_to_access_webapp"", ""customer_list_view"", ""customer_view"", ""applications_list_view"", ""application_view"", ""disbursement_report"", ""features_cgt_web"", ""features_cgt_stats"", ""features_cgt_manage"", ""features_api_cgt"", ""features_api_cap"", ""features_api_products"", ""features_api_timeslots"", ""features_api_center_groups"", ""features_application_deletion"", ""feature_support"", ""features_center_groups_manage"", ""features_district_subdistrict"", ""features_center_group_list"", ""features_center_groups_create"", ""features_center_groups_update"", ""features_center_active_update"", ""features_center_assignment"", ""features_disbursement"", ""features_disbursement_group_stats"", ""features_disbursement_center_stats"", ""features_grt_web"", ""features_grt_stats"", ""features_grt_manage"", ""features_api_grt"", ""features_api_cross_verification"", ""features_api_cap_cross_verification"", ""features_api_cap_submission"", ""branches_centers"", ""search_by_group_id"", ""search_by_group_name"", ""features_group_update"", ""search_by_center_id"", ""search_by_center_name"", ""features_upload_apk"", ""accounts_new_reports"", ""features_luc"", ""highmark_update"", ""features_cross_sell"", ""api_permission"", ""features_api_village"", ""features_api_village_survey_verification"", ""features_api_village_survey_approval"", ""features_api_village_resurvey"", ""features_village_reassignment"", ""features_api_center_creation"", ""branchwise_closing_report"", ""village_report_allow"", ""cattle_insurance_report"", ""features_bre_delete"", ""crop_loan_report"", ""features_application_retry"", ""features_reassign_demand"", ""features_manage_neft"", ""features_manage_bank_repayment"", ""features_manage_adhoc"", ""features_generate_loan_card"", ""features_repayment_update"", ""features_customer"", ""okyc_validation"", ""features_api_face_liveness_check"", ""features_settings"", ""features_organisation"", ""features_manage_branch"", ""features_manage_district_subdistrict"", ""features_manage_employee"", ""features_bc_management"", ""features_master_data"", ""features_status_creation"", ""features_products"", ""features_update_collection_dates"", ""features_state_id"", ""features_api_business_verification"", ""features_verification_dates"", ""features_audit"", ""external_api_logs"", ""features_scrutiny_check"", ""features_rejected_cases"", ""feature_for_custom_notification"", ""feature_for_update_notification"", ""features_pending_cases"", ""features_tele_verification_questions"", ""features_tele_verification"", ""features_quality_check"", ""features_discrepancy_checker"", ""bulk_data_upload_feature"", ""portfolio_transfer"", ""feature_pg_kit"", ""features_insurer"", ""feature_for_cpc_bucket"", ""features_pgk_verification"", ""customer_mobile_update"", ""feature_for_credit_verification"", ""application_move_back"", ""pre_closure"", ""features_workflow"", ""feature_bre_rule"", ""features_bc_approval"", ""features_branch_approval"", ""features_mobile_group_formation"", ""features_mobile_data_resubmission"", ""features_mobile_business_sourcing"", ""features_application_esign"", ""features_mobile_house_verification"", ""features_collection_agency"", ""features_retail_demand_reassignment"", ""features_retail_demand_assignment"", ""features_aml_qc_check""], ""holiday_reason"": """", ""is_cbs_holiday"": false, ""message"": ""List of features fetched successfully"", ""success"": true}",
ram@guat.esafbank.com,dashboard_statistics,SUCCESS,"{""results"": {""partners"": 0, ""total_customer"": 0, ""total_products"": 18}}",
ram@guat.esafbank.com,dashboard_detailed_v1,SUCCESS,"{""results"": {""average_running_loans"": {""-2"": 0, ""2-3"": 0, ""3+"": 0}, ""credit_score"": {""-650"": 0, ""650-700"": 0, ""700+"": 0}, ""education"": {""less_than_tenth"": 0, ""more_than_graduation"": 0, ""tenth_to_graduation"": 0}, ""event_dashboard"": {""collection"": [], ""disbursed"": [], ""in_process"": [], ""rate"": 0, ""rejected"": [], ""sanctioned"": [], ""submission"": [], ""tat"": 0}, ""gender"": {""Female"": 0, ""Male"": 0, ""Others"": 0}, ""income"": {""less_than_twenty"": 0, ""less_than_twenty_percentage"": 0, ""more_than_thirty_five"": 0, ""more_than_thirty_five_percentage"": 0, ""twenty_to_thirty_five"": 0, ""twenty_to_thirty_five_percentage"": 0}}}",
ram@guat.esafbank.com,dashboard_detailed_v2,SUCCESS,"{""results"": {""application_status_stats"": [{""count"": 0, ""name"": ""Family details Pending"", ""order"": 0}, {""count"": 0, ""name"": ""Group Formation Ready"", ""order"": 1}, {""count"": 0, ""name"": ""DV Ready"", ""order"": 2}, {""count"": 0, ""name"": ""CGT Ready"", ""order"": 3}, {""count"": 0, ""name"": ""HV Ready"", ""order"": 4}, {""count"": 0, ""name"": ""TV Ready"", ""order"": 5}, {""count"": 0, ""name"": ""BV Ready"", ""order"": 6}, {""count"": 0, ""name"": ""GRT Ready"", ""order"": 7}, {""count"": 0, ""name"": ""Kit Generation Ready"", ""order"": 8}, {""count"": 0, ""name"": ""E-Sign Ready"", ""order"": 9}, {""count"": 0, ""name"": ""Disbursement Ready"", ""order"": 10}, {""count"": 0, ""name"": ""LUC Ready"", ""order"": 11}], ""bc_details"": {}, ""credit_type_stats"": {""ETB"": {""applied_amount"": 0, ""disbursed_amount"": 0}, ""NTB"": {""applied_amount"": 0, ""disbursed_amount"": 0}, ""NTC"": {""applied_amount"": 0, ""disbursed_amount"": 0}}, ""failed_applications"": [{""count"": 0, ""name"": ""AML Failed"", ""order"": 0}, {""count"": 0, ""name"": ""BRE Failed"", ""order"": 1}, {""count"": 0, ""name"": ""BUREAU Failed"", ""order"": 2}, {""count"": 0, ""name"": ""BC BRE Failed"", ""order"": 3}, {""count"": 0, ""name"": ""Application Bank Account Failed"", ""order"": 4}, {""count"": 0, ""name"": ""CGT Failed"", ""order"": 5}, {""count"": 0, ""name"": ""HV Failed"", ""order"": 6}, {""count"": 0, ""name"": ""TV Failed"", ""order"": 7}, {""count"": 0, ""name"": ""BV Failed"", ""order"": 8}, {""count"": 0, ""name"": ""Scrutiny Failed"", ""order"": 9}, {""count"": 0, ""name"": ""Dedupe Failed"", ""order"": 10}, {""count"": 0, ""name"": ""GRT Failed"", ""order"": 11}, {""count"": 0, ""name"": ""Disbursement Failed"", ""order"": 12}, {""count"": 0, ""name"": ""CBS Pending or Failed"", ""order"": 13}, {""count"": 0, ""name"": ""Customer CKYC Failed"", ""order"": 14}, {""count"": 0, ""name"": ""Customer EKYC Failed"", ""order"": 15}, {""count"": 0, ""name"": ""Customer OKYC Failed"", ""order"": 16}, {""count"": 0, ""name"": ""Customer Id Verification Failed"", ""order"": 17}, {""count"": 0, ""name"": ""Rejected Applications"", ""order"": 18}, {""count"": 0, ""name"": ""Rejected Customers"", ""order"": 19}]}}",
hithesh@guat.esafbank.com,user_access_feature,SUCCESS,"{""data"": {""created_at"": ""2026-08-13T11:53:02.723000+00:00"", ""date_of_joining"": ""2026-08-13"", ""email"": ""hithesh@guat.esafbank.com"", ""employee_id"": ""2622500021"", ""failed_login_datetime"": null, ""first_name"": ""Hithesh"", ""last_login"": ""2026-08-14T14:11:19.056000+00:00"", ""last_name"": ""Admin"", ""postal_address"": ""1st kabul, kaula, kabuland."", ""postal_city"": ""Bengaluru"", ""postal_code"": ""560008"", ""postal_country"": ""-1"", ""postal_state"": ""KA"", ""postal_tele_code"": ""+91"", ""postal_telephone"": ""8409404040"", ""profile_image"": """", ""reset_password"": false, ""role"": ""Organisation Administrator""}, ""features"": [""features_admin"", ""features_lms_api"", ""features_geo_api"", ""features_mobile_sourcing"", ""features_profile"", ""features_manuals"", ""features_notifications"", ""features_api_applications_list"", ""features_api_applications_post"", ""features_api_performance_target"", ""features_performance_target"", ""features_fos_branches"", ""features_applications_track"", ""features_applications_cashflow"", ""features_applications_analysis"", ""features_applications_scrutiny"", ""features_applications_sanction"", ""features_fees_collection"", ""features_applications_disbursement"", ""features_applications_disbursement_kit_generation"", ""hignmark_equifax"", ""search_by_app_id"", ""search_by_app_name"", ""accounts_reports"", ""features_applications_luc"", ""features_monitor_visit"", ""features_leadr"", ""features_leadr_report"", ""features_leadr_dashboard"", ""lawyer_valuer_access"", ""rm_update_access"", ""cm_update_access"", ""features_collections"", ""features_view_collections"", ""collection_dashboard"", ""features_verify_payments"", ""features_upload_collection_apk"", ""cashless_reports"", ""features_application_reassignment"", ""highmark_report_allow"", ""api_encore_disbursement"", ""features_applications_update_loan"", ""branchwise_closing_report_allow"", ""lms_collection_datewise_report_allow"", ""features_bre"", ""features_post_registration_apps_analysis"", ""feature_fee_collection"", ""feature_kit_generation"", ""sanction-failed-apps"", ""e_mandate_authorization"", ""cancel_subscription"", ""allowed_to_access_webapp"", ""customer_list_view"", ""customer_view"", ""applications_list_view"", ""application_view"", ""disbursement_report"", ""features_cgt_web"", ""features_cgt_stats"", ""features_cgt_manage"", ""features_api_cgt"", ""features_api_cap"", ""features_api_products"", ""features_api_timeslots"", ""features_api_center_groups"", ""features_application_deletion"", ""feature_support"", ""features_center_groups_manage"", ""features_district_subdistrict"", ""features_center_group_list"", ""features_center_groups_create"", ""features_center_groups_update"", ""features_center_active_update"", ""features_center_assignment"", ""features_disbursement"", ""features_disbursement_group_stats"", ""features_disbursement_center_stats"", ""features_grt_web"", ""features_grt_stats"", ""features_grt_manage"", ""features_api_grt"", ""features_api_cross_verification"", ""features_api_cap_cross_verification"", ""features_api_cap_submission"", ""branches_centers"", ""search_by_group_id"", ""search_by_group_name"", ""features_group_update"", ""search_by_center_id"", ""search_by_center_name"", ""features_upload_apk"", ""accounts_new_reports"", ""features_luc"", ""highmark_update"", ""features_cross_sell"", ""api_permission"", ""features_api_village"", ""features_api_village_survey_verification"", ""features_api_village_survey_approval"", ""features_api_village_resurvey"", ""features_village_reassignment"", ""features_api_center_creation"", ""branchwise_closing_report"", ""village_report_allow"", ""cattle_insurance_report"", ""features_bre_delete"", ""crop_loan_report"", ""features_application_retry"", ""features_reassign_demand"", ""features_manage_neft"", ""features_manage_bank_repayment"", ""features_manage_adhoc"", ""features_generate_loan_card"", ""features_repayment_update"", ""features_customer"", ""okyc_validation"", ""features_api_face_liveness_check"", ""features_settings"", ""features_organisation"", ""features_manage_branch"", ""features_manage_district_subdistrict"", ""features_manage_employee"", ""features_bc_management"", ""features_master_data"", ""features_status_creation"", ""features_products"", ""features_update_collection_dates"", ""features_state_id"", ""features_api_business_verification"", ""features_verification_dates"", ""features_audit"", ""external_api_logs"", ""features_scrutiny_check"", ""features_rejected_cases"", ""feature_for_custom_notification"", ""feature_for_update_notification"", ""features_pending_cases"", ""features_tele_verification_questions"", ""features_tele_verification"", ""features_quality_check"", ""features_discrepancy_checker"", ""bulk_data_upload_feature"", ""portfolio_transfer"", ""feature_pg_kit"", ""features_insurer"", ""feature_for_cpc_bucket"", ""features_pgk_verification"", ""customer_mobile_update"", ""feature_for_credit_verification"", ""application_move_back"", ""pre_closure"", ""features_workflow"", ""feature_bre_rule"", ""features_bc_approval"", ""features_branch_approval"", ""features_mobile_group_formation"", ""features_mobile_data_resubmission"", ""features_mobile_business_sourcing"", ""features_application_esign"", ""features_mobile_house_verification"", ""features_collection_agency"", ""features_retail_demand_reassignment"", ""features_retail_demand_assignment"", ""features_aml_qc_check""], ""holiday_reason"": """", ""is_cbs_holiday"": false, ""message"": ""List of features fetched successfully"", ""success"": true}",
hithesh@guat.esafbank.com,dashboard_statistics,SUCCESS,"{""results"": {""partners"": 0, ""total_customer"": 0, ""total_products"": 18}}",
hithesh@guat.esafbank.com,dashboard_detailed_v1,SUCCESS,"{""results"": {""average_running_loans"": {""-2"": 0, ""2-3"": 0, ""3+"": 0}, ""credit_score"": {""-650"": 0, ""650-700"": 0, ""700+"": 0}, ""education"": {""less_than_tenth"": 0, ""more_than_graduation"": 0, ""tenth_to_graduation"": 0}, ""event_dashboard"": {""collection"": [], ""disbursed"": [], ""in_process"": [], ""rate"": 0, ""rejected"": [], ""sanctioned"": [], ""submission"": [], ""tat"": 0}, ""gender"": {""Female"": 0, ""Male"": 0, ""Others"": 0}, ""income"": {""less_than_twenty"": 0, ""less_than_twenty_percentage"": 0, ""more_than_thirty_five"": 0, ""more_than_thirty_five_percentage"": 0, ""twenty_to_thirty_five"": 0, ""twenty_to_thirty_five_percentage"": 0}}}",
hithesh@guat.esafbank.com,dashboard_detailed_v2,SUCCESS,"{""results"": {""application_status_stats"": [{""count"": 0, ""name"": ""Family details Pending"", ""order"": 0}, {""count"": 0, ""name"": ""Group Formation Ready"", ""order"": 1}, {""count"": 0, ""name"": ""DV Ready"", ""order"": 2}, {""count"": 0, ""name"": ""CGT Ready"", ""order"": 3}, {""count"": 0, ""name"": ""HV Ready"", ""order"": 4}, {""count"": 0, ""name"": ""TV Ready"", ""order"": 5}, {""count"": 0, ""name"": ""BV Ready"", ""order"": 6}, {""count"": 0, ""name"": ""GRT Ready"", ""order"": 7}, {""count"": 0, ""name"": ""Kit Generation Ready"", ""order"": 8}, {""count"": 0, ""name"": ""E-Sign Ready"", ""order"": 9}, {""count"": 0, ""name"": ""Disbursement Ready"", ""order"": 10}, {""count"": 0, ""name"": ""LUC Ready"", ""order"": 11}], ""bc_details"": {}, ""credit_type_stats"": {""ETB"": {""applied_amount"": 0, ""disbursed_amount"": 0}, ""NTB"": {""applied_amount"": 0, ""disbursed_amount"": 0}, ""NTC"": {""applied_amount"": 0, ""disbursed_amount"": 0}}, ""failed_applications"": [{""count"": 0, ""name"": ""AML Failed"", ""order"": 0}, {""count"": 0, ""name"": ""BRE Failed"", ""order"": 1}, {""count"": 0, ""name"": ""BUREAU Failed"", ""order"": 2}, {""count"": 0, ""name"": ""BC BRE Failed"", ""order"": 3}, {""count"": 0, ""name"": ""Application Bank Account Failed"", ""order"": 4}, {""count"": 0, ""name"": ""CGT Failed"", ""order"": 5}, {""count"": 0, ""name"": ""HV Failed"", ""order"": 6}, {""count"": 0, ""name"": ""TV Failed"", ""order"": 7}, {""count"": 0, ""name"": ""BV Failed"", ""order"": 8}, {""count"": 0, ""name"": ""Scrutiny Failed"", ""order"": 9}, {""count"": 0, ""name"": ""Dedupe Failed"", ""order"": 10}, {""count"": 0, ""name"": ""GRT Failed"", ""order"": 11}, {""count"": 0, ""name"": ""Disbursement Failed"", ""order"": 12}, {""count"": 0, ""name"": ""CBS Pending or Failed"", ""order"": 13}, {""count"": 0, ""name"": ""Customer CKYC Failed"", ""order"": 14}, {""count"": 0, ""name"": ""Customer EKYC Failed"", ""order"": 15}, {""count"": 0, ""name"": ""Customer OKYC Failed"", ""order"": 16}, {""count"": 0, ""name"": ""Customer Id Verification Failed"", ""order"": 17}, {""count"": 0, ""name"": ""Rejected Applications"", ""order"": 18}, {""count"": 0, ""name"": ""Rejected Customers"", ""order"": 19}]}}",
divya@guat.esafbank.com,user_access_feature,SUCCESS,"{""data"": {""created_at"": ""2026-08-13T17:28:36.748000+00:00"", ""date_of_joining"": ""2026-08-05"", ""email"": ""divya@guat.esafbank.com"", ""employee_id"": ""2622500035"", ""failed_login_datetime"": null, ""first_name"": ""Divya"", ""last_login"": ""2026-08-14T14:10:47.626000+00:00"", ""last_name"": ""B"", ""postal_address"": ""Indiranagar"", ""postal_city"": ""Bengaluru"", ""postal_code"": ""180008"", ""postal_country"": ""-1"", ""postal_state"": ""JK"", ""postal_tele_code"": ""+91"", ""postal_telephone"": ""9976790009"", ""profile_image"": """", ""reset_password"": false, ""role"": ""Organisation Administrator""}, ""features"": [""features_admin"", ""features_lms_api"", ""features_geo_api"", ""features_mobile_sourcing"", ""features_profile"", ""features_manuals"", ""features_notifications"", ""features_api_applications_list"", ""features_api_applications_post"", ""features_api_performance_target"", ""features_performance_target"", ""features_fos_branches"", ""features_applications_track"", ""features_applications_cashflow"", ""features_applications_analysis"", ""features_applications_scrutiny"", ""features_applications_sanction"", ""features_fees_collection"", ""features_applications_disbursement"", ""features_applications_disbursement_kit_generation"", ""hignmark_equifax"", ""search_by_app_id"", ""search_by_app_name"", ""accounts_reports"", ""features_applications_luc"", ""features_monitor_visit"", ""features_leadr"", ""features_leadr_report"", ""features_leadr_dashboard"", ""lawyer_valuer_access"", ""rm_update_access"", ""cm_update_access"", ""features_collections"", ""features_view_collections"", ""collection_dashboard"", ""features_verify_payments"", ""features_upload_collection_apk"", ""cashless_reports"", ""features_application_reassignment"", ""highmark_report_allow"", ""api_encore_disbursement"", ""features_applications_update_loan"", ""branchwise_closing_report_allow"", ""lms_collection_datewise_report_allow"", ""features_bre"", ""features_post_registration_apps_analysis"", ""feature_fee_collection"", ""feature_kit_generation"", ""sanction-failed-apps"", ""e_mandate_authorization"", ""cancel_subscription"", ""allowed_to_access_webapp"", ""customer_list_view"", ""customer_view"", ""applications_list_view"", ""application_view"", ""disbursement_report"", ""features_cgt_web"", ""features_cgt_stats"", ""features_cgt_manage"", ""features_api_cgt"", ""features_api_cap"", ""features_api_products"", ""features_api_timeslots"", ""features_api_center_groups"", ""features_application_deletion"", ""feature_support"", ""features_center_groups_manage"", ""features_district_subdistrict"", ""features_center_group_list"", ""features_center_groups_create"", ""features_center_groups_update"", ""features_center_active_update"", ""features_center_assignment"", ""features_disbursement"", ""features_disbursement_group_stats"", ""features_disbursement_center_stats"", ""features_grt_web"", ""features_grt_stats"", ""features_grt_manage"", ""features_api_grt"", ""features_api_cross_verification"", ""features_api_cap_cross_verification"", ""features_api_cap_submission"", ""branches_centers"", ""search_by_group_id"", ""search_by_group_name"", ""features_group_update"", ""search_by_center_id"", ""search_by_center_name"", ""features_upload_apk"", ""accounts_new_reports"", ""features_luc"", ""highmark_update"", ""features_cross_sell"", ""api_permission"", ""features_api_village"", ""features_api_village_survey_verification"", ""features_api_village_survey_approval"", ""features_api_village_resurvey"", ""features_village_reassignment"", ""features_api_center_creation"", ""branchwise_closing_report"", ""village_report_allow"", ""cattle_insurance_report"", ""features_bre_delete"", ""crop_loan_report"", ""features_application_retry"", ""features_reassign_demand"", ""features_manage_neft"", ""features_manage_bank_repayment"", ""features_manage_adhoc"", ""features_generate_loan_card"", ""features_repayment_update"", ""features_customer"", ""okyc_validation"", ""features_api_face_liveness_check"", ""features_settings"", ""features_organisation"", ""features_manage_branch"", ""features_manage_district_subdistrict"", ""features_manage_employee"", ""features_bc_management"", ""features_master_data"", ""features_status_creation"", ""features_products"", ""features_update_collection_dates"", ""features_state_id"", ""features_api_business_verification"", ""features_verification_dates"", ""features_audit"", ""external_api_logs"", ""features_scrutiny_check"", ""features_rejected_cases"", ""feature_for_custom_notification"", ""feature_for_update_notification"", ""features_pending_cases"", ""features_tele_verification_questions"", ""features_tele_verification"", ""features_quality_check"", ""features_discrepancy_checker"", ""bulk_data_upload_feature"", ""portfolio_transfer"", ""feature_pg_kit"", ""features_insurer"", ""feature_for_cpc_bucket"", ""features_pgk_verification"", ""customer_mobile_update"", ""feature_for_credit_verification"", ""application_move_back"", ""pre_closure"", ""features_workflow"", ""feature_bre_rule"", ""features_bc_approval"", ""features_branch_approval"", ""features_mobile_group_formation"", ""features_mobile_data_resubmission"", ""features_mobile_business_sourcing"", ""features_application_esign"", ""features_mobile_house_verification"", ""features_collection_agency"", ""features_retail_demand_reassignment"", ""features_retail_demand_assignment"", ""features_aml_qc_check""], ""holiday_reason"": """", ""is_cbs_holiday"": false, ""message"": ""List of features fetched successfully"", ""success"": true}",
divya@guat.esafbank.com,dashboard_statistics,SUCCESS,"{""results"": {""partners"": 0, ""total_customer"": 0, ""total_products"": 18}}",
divya@guat.esafbank.com,dashboard_detailed_v1,SUCCESS,"{""results"": {""average_running_loans"": {""-2"": 0, ""2-3"": 0, ""3+"": 0}, ""credit_score"": {""-650"": 0, ""650-700"": 0, ""700+"": 0}, ""education"": {""less_than_tenth"": 0, ""more_than_graduation"": 0, ""tenth_to_graduation"": 0}, ""event_dashboard"": {""collection"": [], ""disbursed"": [], ""in_process"": [], ""rate"": 0, ""rejected"": [], ""sanctioned"": [], ""submission"": [], ""tat"": 0}, ""gender"": {""Female"": 0, ""Male"": 0, ""Others"": 0}, ""income"": {""less_than_twenty"": 0, ""less_than_twenty_percentage"": 0, ""more_than_thirty_five"": 0, ""more_than_thirty_five_percentage"": 0, ""twenty_to_thirty_five"": 0, ""twenty_to_thirty_five_percentage"": 0}}}",
divya@guat.esafbank.com,dashboard_detailed_v2,SUCCESS,"{""results"": {""application_status_stats"": [{""count"": 0, ""name"": ""Family details Pending"", ""order"": 0}, {""count"": 0, ""name"": ""Group Formation Ready"", ""order"": 1}, {""count"": 0, ""name"": ""DV Ready"", ""order"": 2}, {""count"": 0, ""name"": ""CGT Ready"", ""order"": 3}, {""count"": 0, ""name"": ""HV Ready"", ""order"": 4}, {""count"": 0, ""name"": ""TV Ready"", ""order"": 5}, {""count"": 0, ""name"": ""BV Ready"", ""order"": 6}, {""count"": 0, ""name"": ""GRT Ready"", ""order"": 7}, {""count"": 0, ""name"": ""Kit Generation Ready"", ""order"": 8}, {""count"": 0, ""name"": ""E-Sign Ready"", ""order"": 9}, {""count"": 0, ""name"": ""Disbursement Ready"", ""order"": 10}, {""count"": 0, ""name"": ""LUC Ready"", ""order"": 11}], ""bc_details"": {}, ""credit_type_stats"": {""ETB"": {""applied_amount"": 0, ""disbursed_amount"": 0}, ""NTB"": {""applied_amount"": 0, ""disbursed_amount"": 0}, ""NTC"": {""applied_amount"": 0, ""disbursed_amount"": 0}}, ""failed_applications"": [{""count"": 0, ""name"": ""AML Failed"", ""order"": 0}, {""count"": 0, ""name"": ""BRE Failed"", ""order"": 1}, {""count"": 0, ""name"": ""BUREAU Failed"", ""order"": 2}, {""count"": 0, ""name"": ""BC BRE Failed"", ""order"": 3}, {""count"": 0, ""name"": ""Application Bank Account Failed"", ""order"": 4}, {""count"": 0, ""name"": ""CGT Failed"", ""order"": 5}, {""count"": 0, ""name"": ""HV Failed"", ""order"": 6}, {""count"": 0, ""name"": ""TV Failed"", ""order"": 7}, {""count"": 0, ""name"": ""BV Failed"", ""order"": 8}, {""count"": 0, ""name"": ""Scrutiny Failed"", ""order"": 9}, {""count"": 0, ""name"": ""Dedupe Failed"", ""order"": 10}, {""count"": 0, ""name"": ""GRT Failed"", ""order"": 11}, {""count"": 0, ""name"": ""Disbursement Failed"", ""order"": 12}, {""count"": 0, ""name"": ""CBS Pending or Failed"", ""order"": 13}, {""count"": 0, ""name"": ""Customer CKYC Failed"", ""order"": 14}, {""count"": 0, ""name"": ""Customer EKYC Failed"", ""order"": 15}, {""count"": 0, ""name"": ""Customer OKYC Failed"", ""order"": 16}, {""count"": 0, ""name"": ""Customer Id Verification Failed"", ""order"": 17}, {""count"": 0, ""name"": ""Rejected Applications"", ""order"": 18}, {""count"": 0, ""name"": ""Rejected Customers"", ""order"": 19}]}}",
aryan@guat.esafbank.com,user_access_feature,SUCCESS,"{""data"": {""created_at"": ""2026-08-13T11:37:14.909000+00:00"", ""date_of_joining"": ""2026-08-13"", ""email"": ""aryan@guat.esafbank.com"", ""employee_id"": ""2622500017"", ""failed_login_datetime"": null, ""first_name"": ""Aryan"", ""last_login"": ""2026-08-14T14:10:40.388000+00:00"", ""last_name"": ""Admin"", ""postal_address"": ""1st kabul, kaula, kabuland."", ""postal_city"": ""Bengaluru"", ""postal_code"": ""560008"", ""postal_country"": ""-1"", ""postal_state"": ""KA"", ""postal_tele_code"": ""+91"", ""postal_telephone"": ""8995005555"", ""profile_image"": """", ""reset_password"": false, ""role"": ""Organisation Administrator""}, ""features"": [""features_admin"", ""features_lms_api"", ""features_geo_api"", ""features_mobile_sourcing"", ""features_profile"", ""features_manuals"", ""features_notifications"", ""features_api_applications_list"", ""features_api_applications_post"", ""features_api_performance_target"", ""features_performance_target"", ""features_fos_branches"", ""features_applications_track"", ""features_applications_cashflow"", ""features_applications_analysis"", ""features_applications_scrutiny"", ""features_applications_sanction"", ""features_fees_collection"", ""features_applications_disbursement"", ""features_applications_disbursement_kit_generation"", ""hignmark_equifax"", ""search_by_app_id"", ""search_by_app_name"", ""accounts_reports"", ""features_applications_luc"", ""features_monitor_visit"", ""features_leadr"", ""features_leadr_report"", ""features_leadr_dashboard"", ""lawyer_valuer_access"", ""rm_update_access"", ""cm_update_access"", ""features_collections"", ""features_view_collections"", ""collection_dashboard"", ""features_verify_payments"", ""features_upload_collection_apk"", ""cashless_reports"", ""features_application_reassignment"", ""highmark_report_allow"", ""api_encore_disbursement"", ""features_applications_update_loan"", ""branchwise_closing_report_allow"", ""lms_collection_datewise_report_allow"", ""features_bre"", ""features_post_registration_apps_analysis"", ""feature_fee_collection"", ""feature_kit_generation"", ""sanction-failed-apps"", ""e_mandate_authorization"", ""cancel_subscription"", ""allowed_to_access_webapp"", ""customer_list_view"", ""customer_view"", ""applications_list_view"", ""application_view"", ""disbursement_report"", ""features_cgt_web"", ""features_cgt_stats"", ""features_cgt_manage"", ""features_api_cgt"", ""features_api_cap"", ""features_api_products"", ""features_api_timeslots"", ""features_api_center_groups"", ""features_application_deletion"", ""feature_support"", ""features_center_groups_manage"", ""features_district_subdistrict"", ""features_center_group_list"", ""features_center_groups_create"", ""features_center_groups_update"", ""features_center_active_update"", ""features_center_assignment"", ""features_disbursement"", ""features_disbursement_group_stats"", ""features_disbursement_center_stats"", ""features_grt_web"", ""features_grt_stats"", ""features_grt_manage"", ""features_api_grt"", ""features_api_cross_verification"", ""features_api_cap_cross_verification"", ""features_api_cap_submission"", ""branches_centers"", ""search_by_group_id"", ""search_by_group_name"", ""features_group_update"", ""search_by_center_id"", ""search_by_center_name"", ""features_upload_apk"", ""accounts_new_reports"", ""features_luc"", ""highmark_update"", ""features_cross_sell"", ""api_permission"", ""features_api_village"", ""features_api_village_survey_verification"", ""features_api_village_survey_approval"", ""features_api_village_resurvey"", ""features_village_reassignment"", ""features_api_center_creation"", ""branchwise_closing_report"", ""village_report_allow"", ""cattle_insurance_report"", ""features_bre_delete"", ""crop_loan_report"", ""features_application_retry"", ""features_reassign_demand"", ""features_manage_neft"", ""features_manage_bank_repayment"", ""features_manage_adhoc"", ""features_generate_loan_card"", ""features_repayment_update"", ""features_customer"", ""okyc_validation"", ""features_api_face_liveness_check"", ""features_settings"", ""features_organisation"", ""features_manage_branch"", ""features_manage_district_subdistrict"", ""features_manage_employee"", ""features_bc_management"", ""features_master_data"", ""features_status_creation"", ""features_products"", ""features_update_collection_dates"", ""features_state_id"", ""features_api_business_verification"", ""features_verification_dates"", ""features_audit"", ""external_api_logs"", ""features_scrutiny_check"", ""features_rejected_cases"", ""feature_for_custom_notification"", ""feature_for_update_notification"", ""features_pending_cases"", ""features_tele_verification_questions"", ""features_tele_verification"", ""features_quality_check"", ""features_discrepancy_checker"", ""bulk_data_upload_feature"", ""portfolio_transfer"", ""feature_pg_kit"", ""features_insurer"", ""feature_for_cpc_bucket"", ""features_pgk_verification"", ""customer_mobile_update"", ""feature_for_credit_verification"", ""application_move_back"", ""pre_closure"", ""features_workflow"", ""feature_bre_rule"", ""features_bc_approval"", ""features_branch_approval"", ""features_mobile_group_formation"", ""features_mobile_data_resubmission"", ""features_mobile_business_sourcing"", ""features_application_esign"", ""features_mobile_house_verification"", ""features_collection_agency"", ""features_retail_demand_reassignment"", ""features_retail_demand_assignment"", ""features_aml_qc_check""], ""holiday_reason"": """", ""is_cbs_holiday"": false, ""message"": ""List of features fetched successfully"", ""success"": true}",
aryan@guat.esafbank.com,dashboard_statistics,SUCCESS,"{""results"": {""partners"": 0, ""total_customer"": 0, ""total_products"": 18}}",
aryan@guat.esafbank.com,dashboard_detailed_v1,SUCCESS,"{""results"": {""average_running_loans"": {""-2"": 0, ""2-3"": 0, ""3+"": 0}, ""credit_score"": {""-650"": 0, ""650-700"": 0, ""700+"": 0}, ""education"": {""less_than_tenth"": 0, ""more_than_graduation"": 0, ""tenth_to_graduation"": 0}, ""event_dashboard"": {""collection"": [], ""disbursed"": [], ""in_process"": [], ""rate"": 0, ""rejected"": [], ""sanctioned"": [], ""submission"": [], ""tat"": 0}, ""gender"": {""Female"": 0, ""Male"": 0, ""Others"": 0}, ""income"": {""less_than_twenty"": 0, ""less_than_twenty_percentage"": 0, ""more_than_thirty_five"": 0, ""more_than_thirty_five_percentage"": 0, ""twenty_to_thirty_five"": 0, ""twenty_to_thirty_five_percentage"": 0}}}",
aryan@guat.esafbank.com,dashboard_detailed_v2,SUCCESS,"{""results"": {""application_status_stats"": [{""count"": 0, ""name"": ""Family details Pending"", ""order"": 0}, {""count"": 0, ""name"": ""Group Formation Ready"", ""order"": 1}, {""count"": 0, ""name"": ""DV Ready"", ""order"": 2}, {""count"": 0, ""name"": ""CGT Ready"", ""order"": 3}, {""count"": 0, ""name"": ""HV Ready"", ""order"": 4}, {""count"": 0, ""name"": ""TV Ready"", ""order"": 5}, {""count"": 0, ""name"": ""BV Ready"", ""order"": 6}, {""count"": 0, ""name"": ""GRT Ready"", ""order"": 7}, {""count"": 0, ""name"": ""Kit Generation Ready"", ""order"": 8}, {""count"": 0, ""name"": ""E-Sign Ready"", ""order"": 9}, {""count"": 0, ""name"": ""Disbursement Ready"", ""order"": 10}, {""count"": 0, ""name"": ""LUC Ready"", ""order"": 11}], ""bc_details"": {}, ""credit_type_stats"": {""ETB"": {""applied_amount"": 0, ""disbursed_amount"": 0}, ""NTB"": {""applied_amount"": 0, ""disbursed_amount"": 0}, ""NTC"": {""applied_amount"": 0, ""disbursed_amount"": 0}}, ""failed_applications"": [{""count"": 0, ""name"": ""AML Failed"", ""order"": 0}, {""count"": 0, ""name"": ""BRE Failed"", ""order"": 1}, {""count"": 0, ""name"": ""BUREAU Failed"", ""order"": 2}, {""count"": 0, ""name"": ""BC BRE Failed"", ""order"": 3}, {""count"": 0, ""name"": ""Application Bank Account Failed"", ""order"": 4}, {""count"": 0, ""name"": ""CGT Failed"", ""order"": 5}, {""count"": 0, ""name"": ""HV Failed"", ""order"": 6}, {""count"": 0, ""name"": ""TV Failed"", ""order"": 7}, {""count"": 0, ""name"": ""BV Failed"", ""order"": 8}, {""count"": 0, ""name"": ""Scrutiny Failed"", ""order"": 9}, {""count"": 0, ""name"": ""Dedupe Failed"", ""order"": 10}, {""count"": 0, ""name"": ""GRT Failed"", ""order"": 11}, {""count"": 0, ""name"": ""Disbursement Failed"", ""order"": 12}, {""count"": 0, ""name"": ""CBS Pending or Failed"", ""order"": 13}, {""count"": 0, ""name"": ""Customer CKYC Failed"", ""order"": 14}, {""count"": 0, ""name"": ""Customer EKYC Failed"", ""order"": 15}, {""count"": 0, ""name"": ""Customer OKYC Failed"", ""order"": 16}, {""count"": 0, ""name"": ""Customer Id Verification Failed"", ""order"": 17}, {""count"": 0, ""name"": ""Rejected Applications"", ""order"": 18}, {""count"": 0, ""name"": ""Rejected Customers"", ""order"": 19}]}}",
narayan@guat.esafbank.com,user_access_feature,SUCCESS,"{""data"": {""created_at"": ""2026-08-13T11:49:47.631000+00:00"", ""date_of_joining"": ""2026-08-13"", ""email"": ""narayan@guat.esafbank.com"", ""employee_id"": ""2622500019"", ""failed_login_datetime"": ""2026-08-14T11:42:49.345000+00:00"", ""first_name"": ""Narayan"", ""last_login"": ""2026-08-14T14:10:39.782000+00:00"", ""last_name"": ""Admin"", ""postal_address"": ""1st kabul, kaula, kabuland."", ""postal_city"": ""Bengaluru"", ""postal_code"": ""171001"", ""postal_country"": ""-1"", ""postal_state"": ""HP"", ""postal_tele_code"": ""+91"", ""postal_telephone"": ""9405858888"", ""profile_image"": """", ""reset_password"": false, ""role"": ""Organisation Administrator""}, ""features"": [""features_admin"", ""features_lms_api"", ""features_geo_api"", ""features_mobile_sourcing"", ""features_profile"", ""features_manuals"", ""features_notifications"", ""features_api_applications_list"", ""features_api_applications_post"", ""features_api_performance_target"", ""features_performance_target"", ""features_fos_branches"", ""features_applications_track"", ""features_applications_cashflow"", ""features_applications_analysis"", ""features_applications_scrutiny"", ""features_applications_sanction"", ""features_fees_collection"", ""features_applications_disbursement"", ""features_applications_disbursement_kit_generation"", ""hignmark_equifax"", ""search_by_app_id"", ""search_by_app_name"", ""accounts_reports"", ""features_applications_luc"", ""features_monitor_visit"", ""features_leadr"", ""features_leadr_report"", ""features_leadr_dashboard"", ""lawyer_valuer_access"", ""rm_update_access"", ""cm_update_access"", ""features_collections"", ""features_view_collections"", ""collection_dashboard"", ""features_verify_payments"", ""features_upload_collection_apk"", ""cashless_reports"", ""features_application_reassignment"", ""highmark_report_allow"", ""api_encore_disbursement"", ""features_applications_update_loan"", ""branchwise_closing_report_allow"", ""lms_collection_datewise_report_allow"", ""features_bre"", ""features_post_registration_apps_analysis"", ""feature_fee_collection"", ""feature_kit_generation"", ""sanction-failed-apps"", ""e_mandate_authorization"", ""cancel_subscription"", ""allowed_to_access_webapp"", ""customer_list_view"", ""customer_view"", ""applications_list_view"", ""application_view"", ""disbursement_report"", ""features_cgt_web"", ""features_cgt_stats"", ""features_cgt_manage"", ""features_api_cgt"", ""features_api_cap"", ""features_api_products"", ""features_api_timeslots"", ""features_api_center_groups"", ""features_application_deletion"", ""feature_support"", ""features_center_groups_manage"", ""features_district_subdistrict"", ""features_center_group_list"", ""features_center_groups_create"", ""features_center_groups_update"", ""features_center_active_update"", ""features_center_assignment"", ""features_disbursement"", ""features_disbursement_group_stats"", ""features_disbursement_center_stats"", ""features_grt_web"", ""features_grt_stats"", ""features_grt_manage"", ""features_api_grt"", ""features_api_cross_verification"", ""features_api_cap_cross_verification"", ""features_api_cap_submission"", ""branches_centers"", ""search_by_group_id"", ""search_by_group_name"", ""features_group_update"", ""search_by_center_id"", ""search_by_center_name"", ""features_upload_apk"", ""accounts_new_reports"", ""features_luc"", ""highmark_update"", ""features_cross_sell"", ""api_permission"", ""features_api_village"", ""features_api_village_survey_verification"", ""features_api_village_survey_approval"", ""features_api_village_resurvey"", ""features_village_reassignment"", ""features_api_center_creation"", ""branchwise_closing_report"", ""village_report_allow"", ""cattle_insurance_report"", ""features_bre_delete"", ""crop_loan_report"", ""features_application_retry"", ""features_reassign_demand"", ""features_manage_neft"", ""features_manage_bank_repayment"", ""features_manage_adhoc"", ""features_generate_loan_card"", ""features_repayment_update"", ""features_customer"", ""okyc_validation"", ""features_api_face_liveness_check"", ""features_settings"", ""features_organisation"", ""features_manage_branch"", ""features_manage_district_subdistrict"", ""features_manage_employee"", ""features_bc_management"", ""features_master_data"", ""features_status_creation"", ""features_products"", ""features_update_collection_dates"", ""features_state_id"", ""features_api_business_verification"", ""features_verification_dates"", ""features_audit"", ""external_api_logs"", ""features_scrutiny_check"", ""features_rejected_cases"", ""feature_for_custom_notification"", ""feature_for_update_notification"", ""features_pending_cases"", ""features_tele_verification_questions"", ""features_tele_verification"", ""features_quality_check"", ""features_discrepancy_checker"", ""bulk_data_upload_feature"", ""portfolio_transfer"", ""feature_pg_kit"", ""features_insurer"", ""feature_for_cpc_bucket"", ""features_pgk_verification"", ""customer_mobile_update"", ""feature_for_credit_verification"", ""application_move_back"", ""pre_closure"", ""features_workflow"", ""feature_bre_rule"", ""features_bc_approval"", ""features_branch_approval"", ""features_mobile_group_formation"", ""features_mobile_data_resubmission"", ""features_mobile_business_sourcing"", ""features_application_esign"", ""features_mobile_house_verification"", ""features_collection_agency"", ""features_retail_demand_reassignment"", ""features_retail_demand_assignment"", ""features_aml_qc_check""], ""holiday_reason"": """", ""is_cbs_holiday"": false, ""message"": ""List of features fetched successfully"", ""success"": true}",
narayan@guat.esafbank.com,dashboard_statistics,SUCCESS,"{""results"": {""partners"": 0, ""total_customer"": 0, ""total_products"": 18}}",
narayan@guat.esafbank.com,dashboard_detailed_v1,SUCCESS,"{""results"": {""average_running_loans"": {""-2"": 0, ""2-3"": 0, ""3+"": 0}, ""credit_score"": {""-650"": 0, ""650-700"": 0, ""700+"": 0}, ""education"": {""less_than_tenth"": 0, ""more_than_graduation"": 0, ""tenth_to_graduation"": 0}, ""event_dashboard"": {""collection"": [], ""disbursed"": [], ""in_process"": [], ""rate"": 0, ""rejected"": [], ""sanctioned"": [], ""submission"": [], ""tat"": 0}, ""gender"": {""Female"": 0, ""Male"": 0, ""Others"": 0}, ""income"": {""less_than_twenty"": 0, ""less_than_twenty_percentage"": 0, ""more_than_thirty_five"": 0, ""more_than_thirty_five_percentage"": 0, ""twenty_to_thirty_five"": 0, ""twenty_to_thirty_five_percentage"": 0}}}",
narayan@guat.esafbank.com,dashboard_detailed_v2,SUCCESS,"{""results"": {""application_status_stats"": [{""count"": 0, ""name"": ""Family details Pending"", ""order"": 0}, {""count"": 0, ""name"": ""Group Formation Ready"", ""order"": 1}, {""count"": 0, ""name"": ""DV Ready"", ""order"": 2}, {""count"": 0, ""name"": ""CGT Ready"", ""order"": 3}, {""count"": 0, ""name"": ""HV Ready"", ""order"": 4}, {""count"": 0, ""name"": ""TV Ready"", ""order"": 5}, {""count"": 0, ""name"": ""BV Ready"", ""order"": 6}, {""count"": 0, ""name"": ""GRT Ready"", ""order"": 7}, {""count"": 0, ""name"": ""Kit Generation Ready"", ""order"": 8}, {""count"": 0, ""name"": ""E-Sign Ready"", ""order"": 9}, {""count"": 0, ""name"": ""Disbursement Ready"", ""order"": 10}, {""count"": 0, ""name"": ""LUC Ready"", ""order"": 11}], ""bc_details"": {}, ""credit_type_stats"": {""ETB"": {""applied_amount"": 0, ""disbursed_amount"": 0}, ""NTB"": {""applied_amount"": 0, ""disbursed_amount"": 0}, ""NTC"": {""applied_amount"": 0, ""disbursed_amount"": 0}}, ""failed_applications"": [{""count"": 0, ""name"": ""AML Failed"", ""order"": 0}, {""count"": 0, ""name"": ""BRE Failed"", ""order"": 1}, {""count"": 0, ""name"": ""BUREAU Failed"", ""order"": 2}, {""count"": 0, ""name"": ""BC BRE Failed"", ""order"": 3}, {""count"": 0, ""name"": ""Application Bank Account Failed"", ""order"": 4}, {""count"": 0, ""name"": ""CGT Failed"", ""order"": 5}, {""count"": 0, ""name"": ""HV Failed"", ""order"": 6}, {""count"": 0, ""name"": ""TV Failed"", ""order"": 7}, {""count"": 0, ""name"": ""BV Failed"", ""order"": 8}, {""count"": 0, ""name"": ""Scrutiny Failed"", ""order"": 9}, {""count"": 0, ""name"": ""Dedupe Failed"", ""order"": 10}, {""count"": 0, ""name"": ""GRT Failed"", ""order"": 11}, {""count"": 0, ""name"": ""Disbursement Failed"", ""order"": 12}, {""count"": 0, ""name"": ""CBS Pending or Failed"", ""order"": 13}, {""count"": 0, ""name"": ""Customer CKYC Failed"", ""order"": 14}, {""count"": 0, ""name"": ""Customer EKYC Failed"", ""order"": 15}, {""count"": 0, ""name"": ""Customer OKYC Failed"", ""order"": 16}, {""count"": 0, ""name"": ""Customer Id Verification Failed"", ""order"": 17}, {""count"": 0, ""name"": ""Rejected Applications"", ""order"": 18}, {""count"": 0, ""name"": ""Rejected Customers"", ""order"": 19}]}}",
hithesh@guat.esafbank.com,user_access_feature,SUCCESS,"{""data"": {""created_at"": ""2026-08-13T11:53:02.723000+00:00"", ""date_of_joining"": ""2026-08-13"", ""email"": ""hithesh@guat.esafbank.com"", ""employee_id"": ""2622500021"", ""failed_login_datetime"": null, ""first_name"": ""Hithesh"", ""last_login"": ""2026-08-14T14:11:19.056000+00:00"", ""last_name"": ""Admin"", ""postal_address"": ""1st kabul, kaula, kabuland."", ""postal_city"": ""Bengaluru"", ""postal_code"": ""560008"", ""postal_country"": ""-1"", ""postal_state"": ""KA"", ""postal_tele_code"": ""+91"", ""postal_telephone"": ""8409404040"", ""profile_image"": """", ""reset_password"": false, ""role"": ""Organisation Administrator""}, ""features"": [""features_admin"", ""features_lms_api"", ""features_geo_api"", ""features_mobile_sourcing"", ""features_profile"", ""features_manuals"", ""features_notifications"", ""features_api_applications_list"", ""features_api_applications_post"", ""features_api_performance_target"", ""features_performance_target"", ""features_fos_branches"", ""features_applications_track"", ""features_applications_cashflow"", ""features_applications_analysis"", ""features_applications_scrutiny"", ""features_applications_sanction"", ""features_fees_collection"", ""features_applications_disbursement"", ""features_applications_disbursement_kit_generation"", ""hignmark_equifax"", ""search_by_app_id"", ""search_by_app_name"", ""accounts_reports"", ""features_applications_luc"", ""features_monitor_visit"", ""features_leadr"", ""features_leadr_report"", ""features_leadr_dashboard"", ""lawyer_valuer_access"", ""rm_update_access"", ""cm_update_access"", ""features_collections"", ""features_view_collections"", ""collection_dashboard"", ""features_verify_payments"", ""features_upload_collection_apk"", ""cashless_reports"", ""features_application_reassignment"", ""highmark_report_allow"", ""api_encore_disbursement"", ""features_applications_update_loan"", ""branchwise_closing_report_allow"", ""lms_collection_datewise_report_allow"", ""features_bre"", ""features_post_registration_apps_analysis"", ""feature_fee_collection"", ""feature_kit_generation"", ""sanction-failed-apps"", ""e_mandate_authorization"", ""cancel_subscription"", ""allowed_to_access_webapp"", ""customer_list_view"", ""customer_view"", ""applications_list_view"", ""application_view"", ""disbursement_report"", ""features_cgt_web"", ""features_cgt_stats"", ""features_cgt_manage"", ""features_api_cgt"", ""features_api_cap"", ""features_api_products"", ""features_api_timeslots"", ""features_api_center_groups"", ""features_application_deletion"", ""feature_support"", ""features_center_groups_manage"", ""features_district_subdistrict"", ""features_center_group_list"", ""features_center_groups_create"", ""features_center_groups_update"", ""features_center_active_update"", ""features_center_assignment"", ""features_disbursement"", ""features_disbursement_group_stats"", ""features_disbursement_center_stats"", ""features_grt_web"", ""features_grt_stats"", ""features_grt_manage"", ""features_api_grt"", ""features_api_cross_verification"", ""features_api_cap_cross_verification"", ""features_api_cap_submission"", ""branches_centers"", ""search_by_group_id"", ""search_by_group_name"", ""features_group_update"", ""search_by_center_id"", ""search_by_center_name"", ""features_upload_apk"", ""accounts_new_reports"", ""features_luc"", ""highmark_update"", ""features_cross_sell"", ""api_permission"", ""features_api_village"", ""features_api_village_survey_verification"", ""features_api_village_survey_approval"", ""features_api_village_resurvey"", ""features_village_reassignment"", ""features_api_center_creation"", ""branchwise_closing_report"", ""village_report_allow"", ""cattle_insurance_report"", ""features_bre_delete"", ""crop_loan_report"", ""features_application_retry"", ""features_reassign_demand"", ""features_manage_neft"", ""features_manage_bank_repayment"", ""features_manage_adhoc"", ""features_generate_loan_card"", ""features_repayment_update"", ""features_customer"", ""okyc_validation"", ""features_api_face_liveness_check"", ""features_settings"", ""features_organisation"", ""features_manage_branch"", ""features_manage_district_subdistrict"", ""features_manage_employee"", ""features_bc_management"", ""features_master_data"", ""features_status_creation"", ""features_products"", ""features_update_collection_dates"", ""features_state_id"", ""features_api_business_verification"", ""features_verification_dates"", ""features_audit"", ""external_api_logs"", ""features_scrutiny_check"", ""features_rejected_cases"", ""feature_for_custom_notification"", ""feature_for_update_notification"", ""features_pending_cases"", ""features_tele_verification_questions"", ""features_tele_verification"", ""features_quality_check"", ""features_discrepancy_checker"", ""bulk_data_upload_feature"", ""portfolio_transfer"", ""feature_pg_kit"", ""features_insurer"", ""feature_for_cpc_bucket"", ""features_pgk_verification"", ""customer_mobile_update"", ""feature_for_credit_verification"", ""application_move_back"", ""pre_closure"", ""features_workflow"", ""feature_bre_rule"", ""features_bc_approval"", ""features_branch_approval"", ""features_mobile_group_formation"", ""features_mobile_data_resubmission"", ""features_mobile_business_sourcing"", ""features_application_esign"", ""features_mobile_house_verification"", ""features_collection_agency"", ""features_retail_demand_reassignment"", ""features_retail_demand_assignment"", ""features_aml_qc_check""], ""holiday_reason"": """", ""is_cbs_holiday"": false, ""message"": ""List of features fetched successfully"", ""success"": true}",
hithesh@guat.esafbank.com,dashboard_statistics,SUCCESS,"{""results"": {""partners"": 0, ""total_customer"": 0, ""total_products"": 18}}",
hithesh@guat.esafbank.com,dashboard_detailed_v1,SUCCESS,"{""results"": {""average_running_loans"": {""-2"": 0, ""2-3"": 0, ""3+"": 0}, ""credit_score"": {""-650"": 0, ""650-700"": 0, ""700+"": 0}, ""education"": {""less_than_tenth"": 0, ""more_than_graduation"": 0, ""tenth_to_graduation"": 0}, ""event_dashboard"": {""collection"": [], ""disbursed"": [], ""in_process"": [], ""rate"": 0, ""rejected"": [], ""sanctioned"": [], ""submission"": [], ""tat"": 0}, ""gender"": {""Female"": 0, ""Male"": 0, ""Others"": 0}, ""income"": {""less_than_twenty"": 0, ""less_than_twenty_percentage"": 0, ""more_than_thirty_five"": 0, ""more_than_thirty_five_percentage"": 0, ""twenty_to_thirty_five"": 0, ""twenty_to_thirty_five_percentage"": 0}}}",
hithesh@guat.esafbank.com,dashboard_detailed_v2,SUCCESS,"{""results"": {""application_status_stats"": [{""count"": 0, ""name"": ""Family details Pending"", ""order"": 0}, {""count"": 0, ""name"": ""Group Formation Ready"", ""order"": 1}, {""count"": 0, ""name"": ""DV Ready"", ""order"": 2}, {""count"": 0, ""name"": ""CGT Ready"", ""order"": 3}, {""count"": 0, ""name"": ""HV Ready"", ""order"": 4}, {""count"": 0, ""name"": ""TV Ready"", ""order"": 5}, {""count"": 0, ""name"": ""BV Ready"", ""order"": 6}, {""count"": 0, ""name"": ""GRT Ready"", ""order"": 7}, {""count"": 0, ""name"": ""Kit Generation Ready"", ""order"": 8}, {""count"": 0, ""name"": ""E-Sign Ready"", ""order"": 9}, {""count"": 0, ""name"": ""Disbursement Ready"", ""order"": 10}, {""count"": 0, ""name"": ""LUC Ready"", ""order"": 11}], ""bc_details"": {}, ""credit_type_stats"": {""ETB"": {""applied_amount"": 0, ""disbursed_amount"": 0}, ""NTB"": {""applied_amount"": 0, ""disbursed_amount"": 0}, ""NTC"": {""applied_amount"": 0, ""disbursed_amount"": 0}}, ""failed_applications"": [{""count"": 0, ""name"": ""AML Failed"", ""order"": 0}, {""count"": 0, ""name"": ""BRE Failed"", ""order"": 1}, {""count"": 0, ""name"": ""BUREAU Failed"", ""order"": 2}, {""count"": 0, ""name"": ""BC BRE Failed"", ""order"": 3}, {""count"": 0, ""name"": ""Application Bank Account Failed"", ""order"": 4}, {""count"": 0, ""name"": ""CGT Failed"", ""order"": 5}, {""count"": 0, ""name"": ""HV Failed"", ""order"": 6}, {""count"": 0, ""name"": ""TV Failed"", ""order"": 7}, {""count"": 0, ""name"": ""BV Failed"", ""order"": 8}, {""count"": 0, ""name"": ""Scrutiny Failed"", ""order"": 9}, {""count"": 0, ""name"": ""Dedupe Failed"", ""order"": 10}, {""count"": 0, ""name"": ""GRT Failed"", ""order"": 11}, {""count"": 0, ""name"": ""Disbursement Failed"", ""order"": 12}, {""count"": 0, ""name"": ""CBS Pending or Failed"", ""order"": 13}, {""count"": 0, ""name"": ""Customer CKYC Failed"", ""order"": 14}, {""count"": 0, ""name"": ""Customer EKYC Failed"", ""order"": 15}, {""count"": 0, ""name"": ""Customer OKYC Failed"", ""order"": 16}, {""count"": 0, ""name"": ""Customer Id Verification Failed"", ""order"": 17}, {""count"": 0, ""name"": ""Rejected Applications"", ""order"": 18}, {""count"": 0, ""name"": ""Rejected Customers"", ""order"": 19}]}}",
aishu@guat.esafbank.com,user_access_feature,SUCCESS,"{""data"": {""created_at"": ""2026-08-04T10:42:46.974000+00:00"", ""date_of_joining"": ""2026-07-27"", ""email"": ""aishu@guat.esafbank.com"", ""employee_id"": ""080400001"", ""failed_login_datetime"": null, ""first_name"": ""Aishwarya"", ""last_login"": ""2026-08-14T14:10:40.395000+00:00"", ""last_name"": ""Kapse"", ""postal_address"": ""Indiranagar"", ""postal_city"": ""Banglore"", ""postal_code"": ""560006"", ""postal_country"": ""-1"", ""postal_state"": ""KA"", ""postal_tele_code"": ""+91"", ""postal_telephone"": ""7032364485"", ""profile_image"": """", ""reset_password"": false, ""role"": ""Organisation Administrator""}, ""features"": [""features_admin"", ""features_lms_api"", ""features_geo_api"", ""features_mobile_sourcing"", ""features_profile"", ""features_manuals"", ""features_notifications"", ""features_api_applications_list"", ""features_api_applications_post"", ""features_api_performance_target"", ""features_performance_target"", ""features_fos_branches"", ""features_applications_track"", ""features_applications_cashflow"", ""features_applications_analysis"", ""features_applications_scrutiny"", ""features_applications_sanction"", ""features_fees_collection"", ""features_applications_disbursement"", ""features_applications_disbursement_kit_generation"", ""hignmark_equifax"", ""search_by_app_id"", ""search_by_app_name"", ""accounts_reports"", ""features_applications_luc"", ""features_monitor_visit"", ""features_leadr"", ""features_leadr_report"", ""features_leadr_dashboard"", ""lawyer_valuer_access"", ""rm_update_access"", ""cm_update_access"", ""features_collections"", ""features_view_collections"", ""collection_dashboard"", ""features_verify_payments"", ""features_upload_collection_apk"", ""cashless_reports"", ""features_application_reassignment"", ""highmark_report_allow"", ""api_encore_disbursement"", ""features_applications_update_loan"", ""branchwise_closing_report_allow"", ""lms_collection_datewise_report_allow"", ""features_bre"", ""features_post_registration_apps_analysis"", ""feature_fee_collection"", ""feature_kit_generation"", ""sanction-failed-apps"", ""e_mandate_authorization"", ""cancel_subscription"", ""allowed_to_access_webapp"", ""customer_list_view"", ""customer_view"", ""applications_list_view"", ""application_view"", ""disbursement_report"", ""features_cgt_web"", ""features_cgt_stats"", ""features_cgt_manage"", ""features_api_cgt"", ""features_api_cap"", ""features_api_products"", ""features_api_timeslots"", ""features_api_center_groups"", ""features_application_deletion"", ""feature_support"", ""features_center_groups_manage"", ""features_district_subdistrict"", ""features_center_group_list"", ""features_center_groups_create"", ""features_center_groups_update"", ""features_center_active_update"", ""features_center_assignment"", ""features_disbursement"", ""features_disbursement_group_stats"", ""features_disbursement_center_stats"", ""features_grt_web"", ""features_grt_stats"", ""features_grt_manage"", ""features_api_grt"", ""features_api_cross_verification"", ""features_api_cap_cross_verification"", ""features_api_cap_submission"", ""branches_centers"", ""search_by_group_id"", ""search_by_group_name"", ""features_group_update"", ""search_by_center_id"", ""search_by_center_name"", ""features_upload_apk"", ""accounts_new_reports"", ""features_luc"", ""highmark_update"", ""features_cross_sell"", ""api_permission"", ""features_api_village"", ""features_api_village_survey_verification"", ""features_api_village_survey_approval"", ""features_api_village_resurvey"", ""features_village_reassignment"", ""features_api_center_creation"", ""branchwise_closing_report"", ""village_report_allow"", ""cattle_insurance_report"", ""features_bre_delete"", ""crop_loan_report"", ""features_application_retry"", ""features_reassign_demand"", ""features_manage_neft"", ""features_manage_bank_repayment"", ""features_manage_adhoc"", ""features_generate_loan_card"", ""features_repayment_update"", ""features_customer"", ""okyc_validation"", ""features_api_face_liveness_check"", ""features_settings"", ""features_organisation"", ""features_manage_branch"", ""features_manage_district_subdistrict"", ""features_manage_employee"", ""features_bc_management"", ""features_master_data"", ""features_status_creation"", ""features_products"", ""features_update_collection_dates"", ""features_state_id"", ""features_api_business_verification"", ""features_verification_dates"", ""features_audit"", ""external_api_logs"", ""features_scrutiny_check"", ""features_rejected_cases"", ""feature_for_custom_notification"", ""feature_for_update_notification"", ""features_pending_cases"", ""features_tele_verification_questions"", ""features_tele_verification"", ""features_quality_check"", ""features_discrepancy_checker"", ""bulk_data_upload_feature"", ""portfolio_transfer"", ""feature_pg_kit"", ""features_insurer"", ""feature_for_cpc_bucket"", ""features_pgk_verification"", ""customer_mobile_update"", ""feature_for_credit_verification"", ""application_move_back"", ""pre_closure"", ""features_workflow"", ""feature_bre_rule"", ""features_bc_approval"", ""features_branch_approval"", ""features_mobile_group_formation"", ""features_mobile_data_resubmission"", ""features_mobile_business_sourcing"", ""features_application_esign"", ""features_mobile_house_verification"", ""features_collection_agency"", ""features_retail_demand_reassignment"", ""features_retail_demand_assignment"", ""features_aml_qc_check""], ""holiday_reason"": """", ""is_cbs_holiday"": false, ""message"": ""List of features fetched successfully"", ""success"": true}",
aishu@guat.esafbank.com,dashboard_statistics,SUCCESS,"{""results"": {""partners"": 0, ""total_customer"": 0, ""total_products"": 18}}",
aishu@guat.esafbank.com,dashboard_detailed_v1,SUCCESS,"{""results"": {""average_running_loans"": {""-2"": 0, ""2-3"": 0, ""3+"": 0}, ""credit_score"": {""-650"": 0, ""650-700"": 0, ""700+"": 0}, ""education"": {""less_than_tenth"": 0, ""more_than_graduation"": 0, ""tenth_to_graduation"": 0}, ""event_dashboard"": {""collection"": [], ""disbursed"": [], ""in_process"": [], ""rate"": 0, ""rejected"": [], ""sanctioned"": [], ""submission"": [], ""tat"": 0}, ""gender"": {""Female"": 0, ""Male"": 0, ""Others"": 0}, ""income"": {""less_than_twenty"": 0, ""less_than_twenty_percentage"": 0, ""more_than_thirty_five"": 0, ""more_than_thirty_five_percentage"": 0, ""twenty_to_thirty_five"": 0, ""twenty_to_thirty_five_percentage"": 0}}}",
aishu@guat.esafbank.com,dashboard_detailed_v2,SUCCESS,"{""results"": {""application_status_stats"": [{""count"": 0, ""name"": ""Family details Pending"", ""order"": 0}, {""count"": 0, ""name"": ""Group Formation Ready"", ""order"": 1}, {""count"": 0, ""name"": ""DV Ready"", ""order"": 2}, {""count"": 0, ""name"": ""CGT Ready"", ""order"": 3}, {""count"": 0, ""name"": ""HV Ready"", ""order"": 4}, {""count"": 0, ""name"": ""TV Ready"", ""order"": 5}, {""count"": 0, ""name"": ""BV Ready"", ""order"": 6}, {""count"": 0, ""name"": ""GRT Ready"", ""order"": 7}, {""count"": 0, ""name"": ""Kit Generation Ready"", ""order"": 8}, {""count"": 0, ""name"": ""E-Sign Ready"", ""order"": 9}, {""count"": 0, ""name"": ""Disbursement Ready"", ""order"": 10}, {""count"": 0, ""name"": ""LUC Ready"", ""order"": 11}], ""bc_details"": {}, ""credit_type_stats"": {""ETB"": {""applied_amount"": 0, ""disbursed_amount"": 0}, ""NTB"": {""applied_amount"": 0, ""disbursed_amount"": 0}, ""NTC"": {""applied_amount"": 0, ""disbursed_amount"": 0}}, ""failed_applications"": [{""count"": 0, ""name"": ""AML Failed"", ""order"": 0}, {""count"": 0, ""name"": ""BRE Failed"", ""order"": 1}, {""count"": 0, ""name"": ""BUREAU Failed"", ""order"": 2}, {""count"": 0, ""name"": ""BC BRE Failed"", ""order"": 3}, {""count"": 0, ""name"": ""Application Bank Account Failed"", ""order"": 4}, {""count"": 0, ""name"": ""CGT Failed"", ""order"": 5}, {""count"": 0, ""name"": ""HV Failed"", ""order"": 6}, {""count"": 0, ""name"": ""TV Failed"", ""order"": 7}, {""count"": 0, ""name"": ""BV Failed"", ""order"": 8}, {""count"": 0, ""name"": ""Scrutiny Failed"", ""order"": 9}, {""count"": 0, ""name"": ""Dedupe Failed"", ""order"": 10}, {""count"": 0, ""name"": ""GRT Failed"", ""order"": 11}, {""count"": 0, ""name"": ""Disbursement Failed"", ""order"": 12}, {""count"": 0, ""name"": ""CBS Pending or Failed"", ""order"": 13}, {""count"": 0, ""name"": ""Customer CKYC Failed"", ""order"": 14}, {""count"": 0, ""name"": ""Customer EKYC Failed"", ""order"": 15}, {""count"": 0, ""name"": ""Customer OKYC Failed"", ""order"": 16}, {""count"": 0, ""name"": ""Customer Id Verification Failed"", ""order"": 17}, {""count"": 0, ""name"": ""Rejected Applications"", ""order"": 18}, {""count"": 0, ""name"": ""Rejected Customers"", ""order"": 19}]}}",
manasa@guat.esafbank.com,user_access_feature,SUCCESS,"{""data"": {""created_at"": ""2026-07-28T16:21:46.746000+00:00"", ""date_of_joining"": ""2026-07-28"", ""email"": ""manasa@guat.esafbank.com"", ""employee_id"": ""072800003"", ""failed_login_datetime"": null, ""first_name"": ""Manasa"", ""last_login"": ""2026-08-14T14:10:39.447000+00:00"", ""last_name"": ""R"", ""postal_address"": ""Indiranagar"", ""postal_city"": ""Banglore"", ""postal_code"": ""171006"", ""postal_country"": ""-1"", ""postal_state"": ""HP"", ""postal_tele_code"": ""+91"", ""postal_telephone"": ""9084567876"", ""profile_image"": """", ""reset_password"": false, ""role"": ""Organisation Administrator""}, ""features"": [""features_admin"", ""features_lms_api"", ""features_geo_api"", ""features_mobile_sourcing"", ""features_profile"", ""features_manuals"", ""features_notifications"", ""features_api_applications_list"", ""features_api_applications_post"", ""features_api_performance_target"", ""features_performance_target"", ""features_fos_branches"", ""features_applications_track"", ""features_applications_cashflow"", ""features_applications_analysis"", ""features_applications_scrutiny"", ""features_applications_sanction"", ""features_fees_collection"", ""features_applications_disbursement"", ""features_applications_disbursement_kit_generation"", ""hignmark_equifax"", ""search_by_app_id"", ""search_by_app_name"", ""accounts_reports"", ""features_applications_luc"", ""features_monitor_visit"", ""features_leadr"", ""features_leadr_report"", ""features_leadr_dashboard"", ""lawyer_valuer_access"", ""rm_update_access"", ""cm_update_access"", ""features_collections"", ""features_view_collections"", ""collection_dashboard"", ""features_verify_payments"", ""features_upload_collection_apk"", ""cashless_reports"", ""features_application_reassignment"", ""highmark_report_allow"", ""api_encore_disbursement"", ""features_applications_update_loan"", ""branchwise_closing_report_allow"", ""lms_collection_datewise_report_allow"", ""features_bre"", ""features_post_registration_apps_analysis"", ""feature_fee_collection"", ""feature_kit_generation"", ""sanction-failed-apps"", ""e_mandate_authorization"", ""cancel_subscription"", ""allowed_to_access_webapp"", ""customer_list_view"", ""customer_view"", ""applications_list_view"", ""application_view"", ""disbursement_report"", ""features_cgt_web"", ""features_cgt_stats"", ""features_cgt_manage"", ""features_api_cgt"", ""features_api_cap"", ""features_api_products"", ""features_api_timeslots"", ""features_api_center_groups"", ""features_application_deletion"", ""feature_support"", ""features_center_groups_manage"", ""features_district_subdistrict"", ""features_center_group_list"", ""features_center_groups_create"", ""features_center_groups_update"", ""features_center_active_update"", ""features_center_assignment"", ""features_disbursement"", ""features_disbursement_group_stats"", ""features_disbursement_center_stats"", ""features_grt_web"", ""features_grt_stats"", ""features_grt_manage"", ""features_api_grt"", ""features_api_cross_verification"", ""features_api_cap_cross_verification"", ""features_api_cap_submission"", ""branches_centers"", ""search_by_group_id"", ""search_by_group_name"", ""features_group_update"", ""search_by_center_id"", ""search_by_center_name"", ""features_upload_apk"", ""accounts_new_reports"", ""features_luc"", ""highmark_update"", ""features_cross_sell"", ""api_permission"", ""features_api_village"", ""features_api_village_survey_verification"", ""features_api_village_survey_approval"", ""features_api_village_resurvey"", ""features_village_reassignment"", ""features_api_center_creation"", ""branchwise_closing_report"", ""village_report_allow"", ""cattle_insurance_report"", ""features_bre_delete"", ""crop_loan_report"", ""features_application_retry"", ""features_reassign_demand"", ""features_manage_neft"", ""features_manage_bank_repayment"", ""features_manage_adhoc"", ""features_generate_loan_card"", ""features_repayment_update"", ""features_customer"", ""okyc_validation"", ""features_api_face_liveness_check"", ""features_settings"", ""features_organisation"", ""features_manage_branch"", ""features_manage_district_subdistrict"", ""features_manage_employee"", ""features_bc_management"", ""features_master_data"", ""features_status_creation"", ""features_products"", ""features_update_collection_dates"", ""features_state_id"", ""features_api_business_verification"", ""features_verification_dates"", ""features_audit"", ""external_api_logs"", ""features_scrutiny_check"", ""features_rejected_cases"", ""feature_for_custom_notification"", ""feature_for_update_notification"", ""features_pending_cases"", ""features_tele_verification_questions"", ""features_tele_verification"", ""features_quality_check"", ""features_discrepancy_checker"", ""bulk_data_upload_feature"", ""portfolio_transfer"", ""feature_pg_kit"", ""features_insurer"", ""feature_for_cpc_bucket"", ""features_pgk_verification"", ""customer_mobile_update"", ""feature_for_credit_verification"", ""application_move_back"", ""pre_closure"", ""features_workflow"", ""feature_bre_rule"", ""features_bc_approval"", ""features_branch_approval"", ""features_mobile_group_formation"", ""features_mobile_data_resubmission"", ""features_mobile_business_sourcing"", ""features_application_esign"", ""features_mobile_house_verification"", ""features_collection_agency"", ""features_retail_demand_reassignment"", ""features_retail_demand_assignment"", ""features_aml_qc_check""], ""holiday_reason"": """", ""is_cbs_holiday"": false, ""message"": ""List of features fetched successfully"", ""success"": true}",
manasa@guat.esafbank.com,dashboard_statistics,SUCCESS,"{""results"": {""partners"": 0, ""total_customer"": 0, ""total_products"": 18}}",
manasa@guat.esafbank.com,dashboard_detailed_v1,SUCCESS,"{""results"": {""average_running_loans"": {""-2"": 0, ""2-3"": 0, ""3+"": 0}, ""credit_score"": {""-650"": 0, ""650-700"": 0, ""700+"": 0}, ""education"": {""less_than_tenth"": 0, ""more_than_graduation"": 0, ""tenth_to_graduation"": 0}, ""event_dashboard"": {""collection"": [], ""disbursed"": [], ""in_process"": [], ""rate"": 0, ""rejected"": [], ""sanctioned"": [], ""submission"": [], ""tat"": 0}, ""gender"": {""Female"": 0, ""Male"": 0, ""Others"": 0}, ""income"": {""less_than_twenty"": 0, ""less_than_twenty_percentage"": 0, ""more_than_thirty_five"": 0, ""more_than_thirty_five_percentage"": 0, ""twenty_to_thirty_five"": 0, ""twenty_to_thirty_five_percentage"": 0}}}",
manasa@guat.esafbank.com,dashboard_detailed_v2,SUCCESS,"{""results"": {""application_status_stats"": [{""count"": 0, ""name"": ""Family details Pending"", ""order"": 0}, {""count"": 0, ""name"": ""Group Formation Ready"", ""order"": 1}, {""count"": 0, ""name"": ""DV Ready"", ""order"": 2}, {""count"": 0, ""name"": ""CGT Ready"", ""order"": 3}, {""count"": 0, ""name"": ""HV Ready"", ""order"": 4}, {""count"": 0, ""name"": ""TV Ready"", ""order"": 5}, {""count"": 0, ""name"": ""BV Ready"", ""order"": 6}, {""count"": 0, ""name"": ""GRT Ready"", ""order"": 7}, {""count"": 0, ""name"": ""Kit Generation Ready"", ""order"": 8}, {""count"": 0, ""name"": ""E-Sign Ready"", ""order"": 9}, {""count"": 0, ""name"": ""Disbursement Ready"", ""order"": 10}, {""count"": 0, ""name"": ""LUC Ready"", ""order"": 11}], ""bc_details"": {}, ""credit_type_stats"": {""ETB"": {""applied_amount"": 0, ""disbursed_amount"": 0}, ""NTB"": {""applied_amount"": 0, ""disbursed_amount"": 0}, ""NTC"": {""applied_amount"": 0, ""disbursed_amount"": 0}}, ""failed_applications"": [{""count"": 0, ""name"": ""AML Failed"", ""order"": 0}, {""count"": 0, ""name"": ""BRE Failed"", ""order"": 1}, {""count"": 0, ""name"": ""BUREAU Failed"", ""order"": 2}, {""count"": 0, ""name"": ""BC BRE Failed"", ""order"": 3}, {""count"": 0, ""name"": ""Application Bank Account Failed"", ""order"": 4}, {""count"": 0, ""name"": ""CGT Failed"", ""order"": 5}, {""count"": 0, ""name"": ""HV Failed"", ""order"": 6}, {""count"": 0, ""name"": ""TV Failed"", ""order"": 7}, {""count"": 0, ""name"": ""BV Failed"", ""order"": 8}, {""count"": 0, ""name"": ""Scrutiny Failed"", ""order"": 9}, {""count"": 0, ""name"": ""Dedupe Failed"", ""order"": 10}, {""count"": 0, ""name"": ""GRT Failed"", ""order"": 11}, {""count"": 0, ""name"": ""Disbursement Failed"", ""order"": 12}, {""count"": 0, ""name"": ""CBS Pending or Failed"", ""order"": 13}, {""count"": 0, ""name"": ""Customer CKYC Failed"", ""order"": 14}, {""count"": 0, ""name"": ""Customer EKYC Failed"", ""order"": 15}, {""count"": 0, ""name"": ""Customer OKYC Failed"", ""order"": 16}, {""count"": 0, ""name"": ""Customer Id Verification Failed"", ""order"": 17}, {""count"": 0, ""name"": ""Rejected Applications"", ""order"": 18}, {""count"": 0, ""name"": ""Rejected Customers"", ""order"": 19}]}}",
prasad@guat.esafbank.com,user_access_feature,SUCCESS,"{""data"": {""created_at"": ""2026-08-13T11:46:54.199000+00:00"", ""date_of_joining"": ""2026-08-13"", ""email"": ""prasad@guat.esafbank.com"", ""employee_id"": ""2622500018"", ""failed_login_datetime"": null, ""first_name"": ""prasad"", ""last_login"": ""2026-08-14T14:10:39.745000+00:00"", ""last_name"": ""Admin"", ""postal_address"": ""1st kabul, kaula, kabuland."", ""postal_city"": ""Bengaluru"", ""postal_code"": ""560008"", ""postal_country"": ""-1"", ""postal_state"": ""KA"", ""postal_tele_code"": ""+91"", ""postal_telephone"": ""9484040448"", ""profile_image"": """", ""reset_password"": false, ""role"": ""Organisation Administrator""}, ""features"": [""features_admin"", ""features_lms_api"", ""features_geo_api"", ""features_mobile_sourcing"", ""features_profile"", ""features_manuals"", ""features_notifications"", ""features_api_applications_list"", ""features_api_applications_post"", ""features_api_performance_target"", ""features_performance_target"", ""features_fos_branches"", ""features_applications_track"", ""features_applications_cashflow"", ""features_applications_analysis"", ""features_applications_scrutiny"", ""features_applications_sanction"", ""features_fees_collection"", ""features_applications_disbursement"", ""features_applications_disbursement_kit_generation"", ""hignmark_equifax"", ""search_by_app_id"", ""search_by_app_name"", ""accounts_reports"", ""features_applications_luc"", ""features_monitor_visit"", ""features_leadr"", ""features_leadr_report"", ""features_leadr_dashboard"", ""lawyer_valuer_access"", ""rm_update_access"", ""cm_update_access"", ""features_collections"", ""features_view_collections"", ""collection_dashboard"", ""features_verify_payments"", ""features_upload_collection_apk"", ""cashless_reports"", ""features_application_reassignment"", ""highmark_report_allow"", ""api_encore_disbursement"", ""features_applications_update_loan"", ""branchwise_closing_report_allow"", ""lms_collection_datewise_report_allow"", ""features_bre"", ""features_post_registration_apps_analysis"", ""feature_fee_collection"", ""feature_kit_generation"", ""sanction-failed-apps"", ""e_mandate_authorization"", ""cancel_subscription"", ""allowed_to_access_webapp"", ""customer_list_view"", ""customer_view"", ""applications_list_view"", ""application_view"", ""disbursement_report"", ""features_cgt_web"", ""features_cgt_stats"", ""features_cgt_manage"", ""features_api_cgt"", ""features_api_cap"", ""features_api_products"", ""features_api_timeslots"", ""features_api_center_groups"", ""features_application_deletion"", ""feature_support"", ""features_center_groups_manage"", ""features_district_subdistrict"", ""features_center_group_list"", ""features_center_groups_create"", ""features_center_groups_update"", ""features_center_active_update"", ""features_center_assignment"", ""features_disbursement"", ""features_disbursement_group_stats"", ""features_disbursement_center_stats"", ""features_grt_web"", ""features_grt_stats"", ""features_grt_manage"", ""features_api_grt"", ""features_api_cross_verification"", ""features_api_cap_cross_verification"", ""features_api_cap_submission"", ""branches_centers"", ""search_by_group_id"", ""search_by_group_name"", ""features_group_update"", ""search_by_center_id"", ""search_by_center_name"", ""features_upload_apk"", ""accounts_new_reports"", ""features_luc"", ""highmark_update"", ""features_cross_sell"", ""api_permission"", ""features_api_village"", ""features_api_village_survey_verification"", ""features_api_village_survey_approval"", ""features_api_village_resurvey"", ""features_village_reassignment"", ""features_api_center_creation"", ""branchwise_closing_report"", ""village_report_allow"", ""cattle_insurance_report"", ""features_bre_delete"", ""crop_loan_report"", ""features_application_retry"", ""features_reassign_demand"", ""features_manage_neft"", ""features_manage_bank_repayment"", ""features_manage_adhoc"", ""features_generate_loan_card"", ""features_repayment_update"", ""features_customer"", ""okyc_validation"", ""features_api_face_liveness_check"", ""features_settings"", ""features_organisation"", ""features_manage_branch"", ""features_manage_district_subdistrict"", ""features_manage_employee"", ""features_bc_management"", ""features_master_data"", ""features_status_creation"", ""features_products"", ""features_update_collection_dates"", ""features_state_id"", ""features_api_business_verification"", ""features_verification_dates"", ""features_audit"", ""external_api_logs"", ""features_scrutiny_check"", ""features_rejected_cases"", ""feature_for_custom_notification"", ""feature_for_update_notification"", ""features_pending_cases"", ""features_tele_verification_questions"", ""features_tele_verification"", ""features_quality_check"", ""features_discrepancy_checker"", ""bulk_data_upload_feature"", ""portfolio_transfer"", ""feature_pg_kit"", ""features_insurer"", ""feature_for_cpc_bucket"", ""features_pgk_verification"", ""customer_mobile_update"", ""feature_for_credit_verification"", ""application_move_back"", ""pre_closure"", ""features_workflow"", ""feature_bre_rule"", ""features_bc_approval"", ""features_branch_approval"", ""features_mobile_group_formation"", ""features_mobile_data_resubmission"", ""features_mobile_business_sourcing"", ""features_application_esign"", ""features_mobile_house_verification"", ""features_collection_agency"", ""features_retail_demand_reassignment"", ""features_retail_demand_assignment"", ""features_aml_qc_check""], ""holiday_reason"": """", ""is_cbs_holiday"": false, ""message"": ""List of features fetched successfully"", ""success"": true}",
prasad@guat.esafbank.com,dashboard_statistics,SUCCESS,"{""results"": {""partners"": 0, ""total_customer"": 0, ""total_products"": 18}}",
prasad@guat.esafbank.com,dashboard_detailed_v1,SUCCESS,"{""results"": {""average_running_loans"": {""-2"": 0, ""2-3"": 0, ""3+"": 0}, ""credit_score"": {""-650"": 0, ""650-700"": 0, ""700+"": 0}, ""education"": {""less_than_tenth"": 0, ""more_than_graduation"": 0, ""tenth_to_graduation"": 0}, ""event_dashboard"": {""collection"": [], ""disbursed"": [], ""in_process"": [], ""rate"": 0, ""rejected"": [], ""sanctioned"": [], ""submission"": [], ""tat"": 0}, ""gender"": {""Female"": 0, ""Male"": 0, ""Others"": 0}, ""income"": {""less_than_twenty"": 0, ""less_than_twenty_percentage"": 0, ""more_than_thirty_five"": 0, ""more_than_thirty_five_percentage"": 0, ""twenty_to_thirty_five"": 0, ""twenty_to_thirty_five_percentage"": 0}}}",
prasad@guat.esafbank.com,dashboard_detailed_v2,SUCCESS,"{""results"": {""application_status_stats"": [{""count"": 0, ""name"": ""Family details Pending"", ""order"": 0}, {""count"": 0, ""name"": ""Group Formation Ready"", ""order"": 1}, {""count"": 0, ""name"": ""DV Ready"", ""order"": 2}, {""count"": 0, ""name"": ""CGT Ready"", ""order"": 3}, {""count"": 0, ""name"": ""HV Ready"", ""order"": 4}, {""count"": 0, ""name"": ""TV Ready"", ""order"": 5}, {""count"": 0, ""name"": ""BV Ready"", ""order"": 6}, {""count"": 0, ""name"": ""GRT Ready"", ""order"": 7}, {""count"": 0, ""name"": ""Kit Generation Ready"", ""order"": 8}, {""count"": 0, ""name"": ""E-Sign Ready"", ""order"": 9}, {""count"": 0, ""name"": ""Disbursement Ready"", ""order"": 10}, {""count"": 0, ""name"": ""LUC Ready"", ""order"": 11}], ""bc_details"": {}, ""credit_type_stats"": {""ETB"": {""applied_amount"": 0, ""disbursed_amount"": 0}, ""NTB"": {""applied_amount"": 0, ""disbursed_amount"": 0}, ""NTC"": {""applied_amount"": 0, ""disbursed_amount"": 0}}, ""failed_applications"": [{""count"": 0, ""name"": ""AML Failed"", ""order"": 0}, {""count"": 0, ""name"": ""BRE Failed"", ""order"": 1}, {""count"": 0, ""name"": ""BUREAU Failed"", ""order"": 2}, {""count"": 0, ""name"": ""BC BRE Failed"", ""order"": 3}, {""count"": 0, ""name"": ""Application Bank Account Failed"", ""order"": 4}, {""count"": 0, ""name"": ""CGT Failed"", ""order"": 5}, {""count"": 0, ""name"": ""HV Failed"", ""order"": 6}, {""count"": 0, ""name"": ""TV Failed"", ""order"": 7}, {""count"": 0, ""name"": ""BV Failed"", ""order"": 8}, {""count"": 0, ""name"": ""Scrutiny Failed"", ""order"": 9}, {""count"": 0, ""name"": ""Dedupe Failed"", ""order"": 10}, {""count"": 0, ""name"": ""GRT Failed"", ""order"": 11}, {""count"": 0, ""name"": ""Disbursement Failed"", ""order"": 12}, {""count"": 0, ""name"": ""CBS Pending or Failed"", ""order"": 13}, {""count"": 0, ""name"": ""Customer CKYC Failed"", ""order"": 14}, {""count"": 0, ""name"": ""Customer EKYC Failed"", ""order"": 15}, {""count"": 0, ""name"": ""Customer OKYC Failed"", ""order"": 16}, {""count"": 0, ""name"": ""Customer Id Verification Failed"", ""order"": 17}, {""count"": 0, ""name"": ""Rejected Applications"", ""order"": 18}, {""count"": 0, ""name"": ""Rejected Customers"", ""order"": 19}]}}",
pushpraj@guat.esafbank.com,user_access_feature,SUCCESS,"{""data"": {""created_at"": ""2026-07-28T13:34:07.960000+00:00"", ""date_of_joining"": ""2026-07-28"", ""email"": ""pushpraj@guat.esafbank.com"", ""employee_id"": ""2620900003"", ""failed_login_datetime"": ""2026-08-05T11:56:24.575000+00:00"", ""first_name"": ""Pushp"", ""last_login"": ""2026-08-14T14:10:39.467000+00:00"", ""last_name"": ""Raj"", ""postal_address"": ""Indiranagar"", ""postal_city"": ""Bengaluru"", ""postal_code"": ""180007"", ""postal_country"": ""-1"", ""postal_state"": ""JK"", ""postal_tele_code"": ""+91"", ""postal_telephone"": ""9876678999"", ""profile_image"": """", ""reset_password"": false, ""role"": ""Organisation Administrator""}, ""features"": [""features_admin"", ""features_lms_api"", ""features_geo_api"", ""features_mobile_sourcing"", ""features_profile"", ""features_manuals"", ""features_notifications"", ""features_api_applications_list"", ""features_api_applications_post"", ""features_api_performance_target"", ""features_performance_target"", ""features_fos_branches"", ""features_applications_track"", ""features_applications_cashflow"", ""features_applications_analysis"", ""features_applications_scrutiny"", ""features_applications_sanction"", ""features_fees_collection"", ""features_applications_disbursement"", ""features_applications_disbursement_kit_generation"", ""hignmark_equifax"", ""search_by_app_id"", ""search_by_app_name"", ""accounts_reports"", ""features_applications_luc"", ""features_monitor_visit"", ""features_leadr"", ""features_leadr_report"", ""features_leadr_dashboard"", ""lawyer_valuer_access"", ""rm_update_access"", ""cm_update_access"", ""features_collections"", ""features_view_collections"", ""collection_dashboard"", ""features_verify_payments"", ""features_upload_collection_apk"", ""cashless_reports"", ""features_application_reassignment"", ""highmark_report_allow"", ""api_encore_disbursement"", ""features_applications_update_loan"", ""branchwise_closing_report_allow"", ""lms_collection_datewise_report_allow"", ""features_bre"", ""features_post_registration_apps_analysis"", ""feature_fee_collection"", ""feature_kit_generation"", ""sanction-failed-apps"", ""e_mandate_authorization"", ""cancel_subscription"", ""allowed_to_access_webapp"", ""customer_list_view"", ""customer_view"", ""applications_list_view"", ""application_view"", ""disbursement_report"", ""features_cgt_web"", ""features_cgt_stats"", ""features_cgt_manage"", ""features_api_cgt"", ""features_api_cap"", ""features_api_products"", ""features_api_timeslots"", ""features_api_center_groups"", ""features_application_deletion"", ""feature_support"", ""features_center_groups_manage"", ""features_district_subdistrict"", ""features_center_group_list"", ""features_center_groups_create"", ""features_center_groups_update"", ""features_center_active_update"", ""features_center_assignment"", ""features_disbursement"", ""features_disbursement_group_stats"", ""features_disbursement_center_stats"", ""features_grt_web"", ""features_grt_stats"", ""features_grt_manage"", ""features_api_grt"", ""features_api_cross_verification"", ""features_api_cap_cross_verification"", ""features_api_cap_submission"", ""branches_centers"", ""search_by_group_id"", ""search_by_group_name"", ""features_group_update"", ""search_by_center_id"", ""search_by_center_name"", ""features_upload_apk"", ""accounts_new_reports"", ""features_luc"", ""highmark_update"", ""features_cross_sell"", ""api_permission"", ""features_api_village"", ""features_api_village_survey_verification"", ""features_api_village_survey_approval"", ""features_api_village_resurvey"", ""features_village_reassignment"", ""features_api_center_creation"", ""branchwise_closing_report"", ""village_report_allow"", ""cattle_insurance_report"", ""features_bre_delete"", ""crop_loan_report"", ""features_application_retry"", ""features_reassign_demand"", ""features_manage_neft"", ""features_manage_bank_repayment"", ""features_manage_adhoc"", ""features_generate_loan_card"", ""features_repayment_update"", ""features_customer"", ""okyc_validation"", ""features_api_face_liveness_check"", ""features_settings"", ""features_organisation"", ""features_manage_branch"", ""features_manage_district_subdistrict"", ""features_manage_employee"", ""features_bc_management"", ""features_master_data"", ""features_status_creation"", ""features_products"", ""features_update_collection_dates"", ""features_state_id"", ""features_api_business_verification"", ""features_verification_dates"", ""features_audit"", ""external_api_logs"", ""features_scrutiny_check"", ""features_rejected_cases"", ""feature_for_custom_notification"", ""feature_for_update_notification"", ""features_pending_cases"", ""features_tele_verification_questions"", ""features_tele_verification"", ""features_quality_check"", ""features_discrepancy_checker"", ""bulk_data_upload_feature"", ""portfolio_transfer"", ""feature_pg_kit"", ""features_insurer"", ""feature_for_cpc_bucket"", ""features_pgk_verification"", ""customer_mobile_update"", ""feature_for_credit_verification"", ""application_move_back"", ""pre_closure"", ""features_workflow"", ""feature_bre_rule"", ""features_bc_approval"", ""features_branch_approval"", ""features_mobile_group_formation"", ""features_mobile_data_resubmission"", ""features_mobile_business_sourcing"", ""features_application_esign"", ""features_mobile_house_verification"", ""features_collection_agency"", ""features_retail_demand_reassignment"", ""features_retail_demand_assignment"", ""features_aml_qc_check""], ""holiday_reason"": """", ""is_cbs_holiday"": false, ""message"": ""List of features fetched successfully"", ""success"": true}",
pushpraj@guat.esafbank.com,dashboard_statistics,SUCCESS,"{""results"": {""partners"": 0, ""total_customer"": 0, ""total_products"": 18}}",
pushpraj@guat.esafbank.com,dashboard_detailed_v1,SUCCESS,"{""results"": {""average_running_loans"": {""-2"": 0, ""2-3"": 0, ""3+"": 0}, ""credit_score"": {""-650"": 0, ""650-700"": 0, ""700+"": 0}, ""education"": {""less_than_tenth"": 0, ""more_than_graduation"": 0, ""tenth_to_graduation"": 0}, ""event_dashboard"": {""collection"": [], ""disbursed"": [], ""in_process"": [], ""rate"": 0, ""rejected"": [], ""sanctioned"": [], ""submission"": [], ""tat"": 0}, ""gender"": {""Female"": 0, ""Male"": 0, ""Others"": 0}, ""income"": {""less_than_twenty"": 0, ""less_than_twenty_percentage"": 0, ""more_than_thirty_five"": 0, ""more_than_thirty_five_percentage"": 0, ""twenty_to_thirty_five"": 0, ""twenty_to_thirty_five_percentage"": 0}}}",
pushpraj@guat.esafbank.com,dashboard_detailed_v2,SUCCESS,"{""results"": {""application_status_stats"": [{""count"": 0, ""name"": ""Family details Pending"", ""order"": 0}, {""count"": 0, ""name"": ""Group Formation Ready"", ""order"": 1}, {""count"": 0, ""name"": ""DV Ready"", ""order"": 2}, {""count"": 0, ""name"": ""CGT Ready"", ""order"": 3}, {""count"": 0, ""name"": ""HV Ready"", ""order"": 4}, {""count"": 0, ""name"": ""TV Ready"", ""order"": 5}, {""count"": 0, ""name"": ""BV Ready"", ""order"": 6}, {""count"": 0, ""name"": ""GRT Ready"", ""order"": 7}, {""count"": 0, ""name"": ""Kit Generation Ready"", ""order"": 8}, {""count"": 0, ""name"": ""E-Sign Ready"", ""order"": 9}, {""count"": 0, ""name"": ""Disbursement Ready"", ""order"": 10}, {""count"": 0, ""name"": ""LUC Ready"", ""order"": 11}], ""bc_details"": {}, ""credit_type_stats"": {""ETB"": {""applied_amount"": 0, ""disbursed_amount"": 0}, ""NTB"": {""applied_amount"": 0, ""disbursed_amount"": 0}, ""NTC"": {""applied_amount"": 0, ""disbursed_amount"": 0}}, ""failed_applications"": [{""count"": 0, ""name"": ""AML Failed"", ""order"": 0}, {""count"": 0, ""name"": ""BRE Failed"", ""order"": 1}, {""count"": 0, ""name"": ""BUREAU Failed"", ""order"": 2}, {""count"": 0, ""name"": ""BC BRE Failed"", ""order"": 3}, {""count"": 0, ""name"": ""Application Bank Account Failed"", ""order"": 4}, {""count"": 0, ""name"": ""CGT Failed"", ""order"": 5}, {""count"": 0, ""name"": ""HV Failed"", ""order"": 6}, {""count"": 0, ""name"": ""TV Failed"", ""order"": 7}, {""count"": 0, ""name"": ""BV Failed"", ""order"": 8}, {""count"": 0, ""name"": ""Scrutiny Failed"", ""order"": 9}, {""count"": 0, ""name"": ""Dedupe Failed"", ""order"": 10}, {""count"": 0, ""name"": ""GRT Failed"", ""order"": 11}, {""count"": 0, ""name"": ""Disbursement Failed"", ""order"": 12}, {""count"": 0, ""name"": ""CBS Pending or Failed"", ""order"": 13}, {""count"": 0, ""name"": ""Customer CKYC Failed"", ""order"": 14}, {""count"": 0, ""name"": ""Customer EKYC Failed"", ""order"": 15}, {""count"": 0, ""name"": ""Customer OKYC Failed"", ""order"": 16}, {""count"": 0, ""name"": ""Customer Id Verification Failed"", ""order"": 17}, {""count"": 0, ""name"": ""Rejected Applications"", ""order"": 18}, {""count"": 0, ""name"": ""Rejected Customers"", ""order"": 19}]}}",
lakshman@guat.esafbank.com,user_access_feature,SUCCESS,"{""data"": {""created_at"": ""2026-08-13T11:59:17.212000+00:00"", ""date_of_joining"": ""2026-08-06"", ""email"": ""lakshman@guat.esafbank.com"", ""employee_id"": ""2622500022"", ""failed_login_datetime"": ""2026-08-13T12:00:45.344000+00:00"", ""first_name"": ""Lakshman"", ""last_login"": ""2026-08-14T14:10:39.482000+00:00"", ""last_name"": ""Roy"", ""postal_address"": ""Indiranagar"", ""postal_city"": ""Bengaluru"", ""postal_code"": ""171003"", ""postal_country"": ""-1"", ""postal_state"": ""HP"", ""postal_tele_code"": ""+91"", ""postal_telephone"": ""9087000988"", ""profile_image"": """", ""reset_password"": false, ""role"": ""Organisation Administrator""}, ""features"": [""features_admin"", ""features_lms_api"", ""features_geo_api"", ""features_mobile_sourcing"", ""features_profile"", ""features_manuals"", ""features_notifications"", ""features_api_applications_list"", ""features_api_applications_post"", ""features_api_performance_target"", ""features_performance_target"", ""features_fos_branches"", ""features_applications_track"", ""features_applications_cashflow"", ""features_applications_analysis"", ""features_applications_scrutiny"", ""features_applications_sanction"", ""features_fees_collection"", ""features_applications_disbursement"", ""features_applications_disbursement_kit_generation"", ""hignmark_equifax"", ""search_by_app_id"", ""search_by_app_name"", ""accounts_reports"", ""features_applications_luc"", ""features_monitor_visit"", ""features_leadr"", ""features_leadr_report"", ""features_leadr_dashboard"", ""lawyer_valuer_access"", ""rm_update_access"", ""cm_update_access"", ""features_collections"", ""features_view_collections"", ""collection_dashboard"", ""features_verify_payments"", ""features_upload_collection_apk"", ""cashless_reports"", ""features_application_reassignment"", ""highmark_report_allow"", ""api_encore_disbursement"", ""features_applications_update_loan"", ""branchwise_closing_report_allow"", ""lms_collection_datewise_report_allow"", ""features_bre"", ""features_post_registration_apps_analysis"", ""feature_fee_collection"", ""feature_kit_generation"", ""sanction-failed-apps"", ""e_mandate_authorization"", ""cancel_subscription"", ""allowed_to_access_webapp"", ""customer_list_view"", ""customer_view"", ""applications_list_view"", ""application_view"", ""disbursement_report"", ""features_cgt_web"", ""features_cgt_stats"", ""features_cgt_manage"", ""features_api_cgt"", ""features_api_cap"", ""features_api_products"", ""features_api_timeslots"", ""features_api_center_groups"", ""features_application_deletion"", ""feature_support"", ""features_center_groups_manage"", ""features_district_subdistrict"", ""features_center_group_list"", ""features_center_groups_create"", ""features_center_groups_update"", ""features_center_active_update"", ""features_center_assignment"", ""features_disbursement"", ""features_disbursement_group_stats"", ""features_disbursement_center_stats"", ""features_grt_web"", ""features_grt_stats"", ""features_grt_manage"", ""features_api_grt"", ""features_api_cross_verification"", ""features_api_cap_cross_verification"", ""features_api_cap_submission"", ""branches_centers"", ""search_by_group_id"", ""search_by_group_name"", ""features_group_update"", ""search_by_center_id"", ""search_by_center_name"", ""features_upload_apk"", ""accounts_new_reports"", ""features_luc"", ""highmark_update"", ""features_cross_sell"", ""api_permission"", ""features_api_village"", ""features_api_village_survey_verification"", ""features_api_village_survey_approval"", ""features_api_village_resurvey"", ""features_village_reassignment"", ""features_api_center_creation"", ""branchwise_closing_report"", ""village_report_allow"", ""cattle_insurance_report"", ""features_bre_delete"", ""crop_loan_report"", ""features_application_retry"", ""features_reassign_demand"", ""features_manage_neft"", ""features_manage_bank_repayment"", ""features_manage_adhoc"", ""features_generate_loan_card"", ""features_repayment_update"", ""features_customer"", ""okyc_validation"", ""features_api_face_liveness_check"", ""features_settings"", ""features_organisation"", ""features_manage_branch"", ""features_manage_district_subdistrict"", ""features_manage_employee"", ""features_bc_management"", ""features_master_data"", ""features_status_creation"", ""features_products"", ""features_update_collection_dates"", ""features_state_id"", ""features_api_business_verification"", ""features_verification_dates"", ""features_audit"", ""external_api_logs"", ""features_scrutiny_check"", ""features_rejected_cases"", ""feature_for_custom_notification"", ""feature_for_update_notification"", ""features_pending_cases"", ""features_tele_verification_questions"", ""features_tele_verification"", ""features_quality_check"", ""features_discrepancy_checker"", ""bulk_data_upload_feature"", ""portfolio_transfer"", ""feature_pg_kit"", ""features_insurer"", ""feature_for_cpc_bucket"", ""features_pgk_verification"", ""customer_mobile_update"", ""feature_for_credit_verification"", ""application_move_back"", ""pre_closure"", ""features_workflow"", ""feature_bre_rule"", ""features_bc_approval"", ""features_branch_approval"", ""features_mobile_group_formation"", ""features_mobile_data_resubmission"", ""features_mobile_business_sourcing"", ""features_application_esign"", ""features_mobile_house_verification"", ""features_collection_agency"", ""features_retail_demand_reassignment"", ""features_retail_demand_assignment"", ""features_aml_qc_check""], ""holiday_reason"": """", ""is_cbs_holiday"": false, ""message"": ""List of features fetched successfully"", ""success"": true}",
lakshman@guat.esafbank.com,dashboard_statistics,SUCCESS,"{""results"": {""partners"": 0, ""total_customer"": 0, ""total_products"": 18}}",
lakshman@guat.esafbank.com,dashboard_detailed_v1,SUCCESS,"{""results"": {""average_running_loans"": {""-2"": 0, ""2-3"": 0, ""3+"": 0}, ""credit_score"": {""-650"": 0, ""650-700"": 0, ""700+"": 0}, ""education"": {""less_than_tenth"": 0, ""more_than_graduation"": 0, ""tenth_to_graduation"": 0}, ""event_dashboard"": {""collection"": [], ""disbursed"": [], ""in_process"": [], ""rate"": 0, ""rejected"": [], ""sanctioned"": [], ""submission"": [], ""tat"": 0}, ""gender"": {""Female"": 0, ""Male"": 0, ""Others"": 0}, ""income"": {""less_than_twenty"": 0, ""less_than_twenty_percentage"": 0, ""more_than_thirty_five"": 0, ""more_than_thirty_five_percentage"": 0, ""twenty_to_thirty_five"": 0, ""twenty_to_thirty_five_percentage"": 0}}}",
lakshman@guat.esafbank.com,dashboard_detailed_v2,SUCCESS,"{""results"": {""application_status_stats"": [{""count"": 0, ""name"": ""Family details Pending"", ""order"": 0}, {""count"": 0, ""name"": ""Group Formation Ready"", ""order"": 1}, {""count"": 0, ""name"": ""DV Ready"", ""order"": 2}, {""count"": 0, ""name"": ""CGT Ready"", ""order"": 3}, {""count"": 0, ""name"": ""HV Ready"", ""order"": 4}, {""count"": 0, ""name"": ""TV Ready"", ""order"": 5}, {""count"": 0, ""name"": ""BV Ready"", ""order"": 6}, {""count"": 0, ""name"": ""GRT Ready"", ""order"": 7}, {""count"": 0, ""name"": ""Kit Generation Ready"", ""order"": 8}, {""count"": 0, ""name"": ""E-Sign Ready"", ""order"": 9}, {""count"": 0, ""name"": ""Disbursement Ready"", ""order"": 10}, {""count"": 0, ""name"": ""LUC Ready"", ""order"": 11}], ""bc_details"": {}, ""credit_type_stats"": {""ETB"": {""applied_amount"": 0, ""disbursed_amount"": 0}, ""NTB"": {""applied_amount"": 0, ""disbursed_amount"": 0}, ""NTC"": {""applied_amount"": 0, ""disbursed_amount"": 0}}, ""failed_applications"": [{""count"": 0, ""name"": ""AML Failed"", ""order"": 0}, {""count"": 0, ""name"": ""BRE Failed"", ""order"": 1}, {""count"": 0, ""name"": ""BUREAU Failed"", ""order"": 2}, {""count"": 0, ""name"": ""BC BRE Failed"", ""order"": 3}, {""count"": 0, ""name"": ""Application Bank Account Failed"", ""order"": 4}, {""count"": 0, ""name"": ""CGT Failed"", ""order"": 5}, {""count"": 0, ""name"": ""HV Failed"", ""order"": 6}, {""count"": 0, ""name"": ""TV Failed"", ""order"": 7}, {""count"": 0, ""name"": ""BV Failed"", ""order"": 8}, {""count"": 0, ""name"": ""Scrutiny Failed"", ""order"": 9}, {""count"": 0, ""name"": ""Dedupe Failed"", ""order"": 10}, {""count"": 0, ""name"": ""GRT Failed"", ""order"": 11}, {""count"": 0, ""name"": ""Disbursement Failed"", ""order"": 12}, {""count"": 0, ""name"": ""CBS Pending or Failed"", ""order"": 13}, {""count"": 0, ""name"": ""Customer CKYC Failed"", ""order"": 14}, {""count"": 0, ""name"": ""Customer EKYC Failed"", ""order"": 15}, {""count"": 0, ""name"": ""Customer OKYC Failed"", ""order"": 16}, {""count"": 0, ""name"": ""Customer Id Verification Failed"", ""order"": 17}, {""count"": 0, ""name"": ""Rejected Applications"", ""order"": 18}, {""count"": 0, ""name"": ""Rejected Customers"", ""order"": 19}]}}",
nitin@guat.esafbank.com,user_access_feature,LOGIN_FAILED,,"{""error"":"""",""message"":""User is Locked, try after 3 minutes, Contact Admin, Try resetting your password""}
"
nitin@guat.esafbank.com,dashboard_statistics,LOGIN_FAILED,,"{""error"":"""",""message"":""User is Locked, try after 3 minutes, Contact Admin, Try resetting your password""}
"
nitin@guat.esafbank.com,dashboard_detailed_v1,LOGIN_FAILED,,"{""error"":"""",""message"":""User is Locked, try after 3 minutes, Contact Admin, Try resetting your password""}
"
nitin@guat.esafbank.com,dashboard_detailed_v2,LOGIN_FAILED,,"{""error"":"""",""message"":""User is Locked, try after 3 minutes, Contact Admin, Try resetting your password""}
"
Shwetha@guat.esafbank.com,user_access_feature,LOGIN_FAILED,,"{""error"":"""",""message"":""User is Locked, try after 3 minutes, Contact Admin, Try resetting your password""}
"
Shwetha@guat.esafbank.com,dashboard_statistics,LOGIN_FAILED,,"{""error"":"""",""message"":""User is Locked, try after 3 minutes, Contact Admin, Try resetting your password""}
"
Shwetha@guat.esafbank.com,dashboard_detailed_v1,LOGIN_FAILED,,"{""error"":"""",""message"":""User is Locked, try after 3 minutes, Contact Admin, Try resetting your password""}
"
Shwetha@guat.esafbank.com,dashboard_detailed_v2,LOGIN_FAILED,,"{""error"":"""",""message"":""User is Locked, try after 3 minutes, Contact Admin, Try resetting your password""}
"
harshith@guat.esafbank.com,user_access_feature,LOGIN_FAILED,,"{""error"":"""",""message"":""User is Locked, try after 3 minutes, Contact Admin, Try resetting your password""}
"
harshith@guat.esafbank.com,dashboard_statistics,LOGIN_FAILED,,"{""error"":"""",""message"":""User is Locked, try after 3 minutes, Contact Admin, Try resetting your password""}
"
harshith@guat.esafbank.com,dashboard_detailed_v1,LOGIN_FAILED,,"{""error"":"""",""message"":""User is Locked, try after 3 minutes, Contact Admin, Try resetting your password""}
"
harshith@guat.esafbank.com,dashboard_detailed_v2,LOGIN_FAILED,,"{""error"":"""",""message"":""User is Locked, try after 3 minutes, Contact Admin, Try resetting your password""}
"
ram@guat.esafbank.com,user_access_feature,SUCCESS,"{""data"": {""created_at"": ""2026-08-13T11:51:41.066000+00:00"", ""date_of_joining"": ""2026-08-06"", ""email"": ""ram@guat.esafbank.com"", ""employee_id"": ""2622500020"", ""failed_login_datetime"": null, ""first_name"": ""Ram"", ""last_login"": ""2026-08-14T14:10:47.259000+00:00"", ""last_name"": ""T"", ""postal_address"": ""Indiranagar"", ""postal_city"": ""Bengaluru"", ""postal_code"": ""171003"", ""postal_country"": ""-1"", ""postal_state"": ""HP"", ""postal_tele_code"": ""+91"", ""postal_telephone"": ""9087000099"", ""profile_image"": """", ""reset_password"": false, ""role"": ""Organisation Administrator""}, ""features"": [""features_admin"", ""features_lms_api"", ""features_geo_api"", ""features_mobile_sourcing"", ""features_profile"", ""features_manuals"", ""features_notifications"", ""features_api_applications_list"", ""features_api_applications_post"", ""features_api_performance_target"", ""features_performance_target"", ""features_fos_branches"", ""features_applications_track"", ""features_applications_cashflow"", ""features_applications_analysis"", ""features_applications_scrutiny"", ""features_applications_sanction"", ""features_fees_collection"", ""features_applications_disbursement"", ""features_applications_disbursement_kit_generation"", ""hignmark_equifax"", ""search_by_app_id"", ""search_by_app_name"", ""accounts_reports"", ""features_applications_luc"", ""features_monitor_visit"", ""features_leadr"", ""features_leadr_report"", ""features_leadr_dashboard"", ""lawyer_valuer_access"", ""rm_update_access"", ""cm_update_access"", ""features_collections"", ""features_view_collections"", ""collection_dashboard"", ""features_verify_payments"", ""features_upload_collection_apk"", ""cashless_reports"", ""features_application_reassignment"", ""highmark_report_allow"", ""api_encore_disbursement"", ""features_applications_update_loan"", ""branchwise_closing_report_allow"", ""lms_collection_datewise_report_allow"", ""features_bre"", ""features_post_registration_apps_analysis"", ""feature_fee_collection"", ""feature_kit_generation"", ""sanction-failed-apps"", ""e_mandate_authorization"", ""cancel_subscription"", ""allowed_to_access_webapp"", ""customer_list_view"", ""customer_view"", ""applications_list_view"", ""application_view"", ""disbursement_report"", ""features_cgt_web"", ""features_cgt_stats"", ""features_cgt_manage"", ""features_api_cgt"", ""features_api_cap"", ""features_api_products"", ""features_api_timeslots"", ""features_api_center_groups"", ""features_application_deletion"", ""feature_support"", ""features_center_groups_manage"", ""features_district_subdistrict"", ""features_center_group_list"", ""features_center_groups_create"", ""features_center_groups_update"", ""features_center_active_update"", ""features_center_assignment"", ""features_disbursement"", ""features_disbursement_group_stats"", ""features_disbursement_center_stats"", ""features_grt_web"", ""features_grt_stats"", ""features_grt_manage"", ""features_api_grt"", ""features_api_cross_verification"", ""features_api_cap_cross_verification"", ""features_api_cap_submission"", ""branches_centers"", ""search_by_group_id"", ""search_by_group_name"", ""features_group_update"", ""search_by_center_id"", ""search_by_center_name"", ""features_upload_apk"", ""accounts_new_reports"", ""features_luc"", ""highmark_update"", ""features_cross_sell"", ""api_permission"", ""features_api_village"", ""features_api_village_survey_verification"", ""features_api_village_survey_approval"", ""features_api_village_resurvey"", ""features_village_reassignment"", ""features_api_center_creation"", ""branchwise_closing_report"", ""village_report_allow"", ""cattle_insurance_report"", ""features_bre_delete"", ""crop_loan_report"", ""features_application_retry"", ""features_reassign_demand"", ""features_manage_neft"", ""features_manage_bank_repayment"", ""features_manage_adhoc"", ""features_generate_loan_card"", ""features_repayment_update"", ""features_customer"", ""okyc_validation"", ""features_api_face_liveness_check"", ""features_settings"", ""features_organisation"", ""features_manage_branch"", ""features_manage_district_subdistrict"", ""features_manage_employee"", ""features_bc_management"", ""features_master_data"", ""features_status_creation"", ""features_products"", ""features_update_collection_dates"", ""features_state_id"", ""features_api_business_verification"", ""features_verification_dates"", ""features_audit"", ""external_api_logs"", ""features_scrutiny_check"", ""features_rejected_cases"", ""feature_for_custom_notification"", ""feature_for_update_notification"", ""features_pending_cases"", ""features_tele_verification_questions"", ""features_tele_verification"", ""features_quality_check"", ""features_discrepancy_checker"", ""bulk_data_upload_feature"", ""portfolio_transfer"", ""feature_pg_kit"", ""features_insurer"", ""feature_for_cpc_bucket"", ""features_pgk_verification"", ""customer_mobile_update"", ""feature_for_credit_verification"", ""application_move_back"", ""pre_closure"", ""features_workflow"", ""feature_bre_rule"", ""features_bc_approval"", ""features_branch_approval"", ""features_mobile_group_formation"", ""features_mobile_data_resubmission"", ""features_mobile_business_sourcing"", ""features_application_esign"", ""features_mobile_house_verification"", ""features_collection_agency"", ""features_retail_demand_reassignment"", ""features_retail_demand_assignment"", ""features_aml_qc_check""], ""holiday_reason"": """", ""is_cbs_holiday"": false, ""message"": ""List of features fetched successfully"", ""success"": true}",
ram@guat.esafbank.com,dashboard_statistics,SUCCESS,"{""results"": {""partners"": 0, ""total_customer"": 0, ""total_products"": 18}}",
ram@guat.esafbank.com,dashboard_detailed_v1,SUCCESS,"{""results"": {""average_running_loans"": {""-2"": 0, ""2-3"": 0, ""3+"": 0}, ""credit_score"": {""-650"": 0, ""650-700"": 0, ""700+"": 0}, ""education"": {""less_than_tenth"": 0, ""more_than_graduation"": 0, ""tenth_to_graduation"": 0}, ""event_dashboard"": {""collection"": [], ""disbursed"": [], ""in_process"": [], ""rate"": 0, ""rejected"": [], ""sanctioned"": [], ""submission"": [], ""tat"": 0}, ""gender"": {""Female"": 0, ""Male"": 0, ""Others"": 0}, ""income"": {""less_than_twenty"": 0, ""less_than_twenty_percentage"": 0, ""more_than_thirty_five"": 0, ""more_than_thirty_five_percentage"": 0, ""twenty_to_thirty_five"": 0, ""twenty_to_thirty_five_percentage"": 0}}}",
ram@guat.esafbank.com,dashboard_detailed_v2,SUCCESS,"{""results"": {""application_status_stats"": [{""count"": 0, ""name"": ""Family details Pending"", ""order"": 0}, {""count"": 0, ""name"": ""Group Formation Ready"", ""order"": 1}, {""count"": 0, ""name"": ""DV Ready"", ""order"": 2}, {""count"": 0, ""name"": ""CGT Ready"", ""order"": 3}, {""count"": 0, ""name"": ""HV Ready"", ""order"": 4}, {""count"": 0, ""name"": ""TV Ready"", ""order"": 5}, {""count"": 0, ""name"": ""BV Ready"", ""order"": 6}, {""count"": 0, ""name"": ""GRT Ready"", ""order"": 7}, {""count"": 0, ""name"": ""Kit Generation Ready"", ""order"": 8}, {""count"": 0, ""name"": ""E-Sign Ready"", ""order"": 9}, {""count"": 0, ""name"": ""Disbursement Ready"", ""order"": 10}, {""count"": 0, ""name"": ""LUC Ready"", ""order"": 11}], ""bc_details"": {}, ""credit_type_stats"": {""ETB"": {""applied_amount"": 0, ""disbursed_amount"": 0}, ""NTB"": {""applied_amount"": 0, ""disbursed_amount"": 0}, ""NTC"": {""applied_amount"": 0, ""disbursed_amount"": 0}}, ""failed_applications"": [{""count"": 0, ""name"": ""AML Failed"", ""order"": 0}, {""count"": 0, ""name"": ""BRE Failed"", ""order"": 1}, {""count"": 0, ""name"": ""BUREAU Failed"", ""order"": 2}, {""count"": 0, ""name"": ""BC BRE Failed"", ""order"": 3}, {""count"": 0, ""name"": ""Application Bank Account Failed"", ""order"": 4}, {""count"": 0, ""name"": ""CGT Failed"", ""order"": 5}, {""count"": 0, ""name"": ""HV Failed"", ""order"": 6}, {""count"": 0, ""name"": ""TV Failed"", ""order"": 7}, {""count"": 0, ""name"": ""BV Failed"", ""order"": 8}, {""count"": 0, ""name"": ""Scrutiny Failed"", ""order"": 9}, {""count"": 0, ""name"": ""Dedupe Failed"", ""order"": 10}, {""count"": 0, ""name"": ""GRT Failed"", ""order"": 11}, {""count"": 0, ""name"": ""Disbursement Failed"", ""order"": 12}, {""count"": 0, ""name"": ""CBS Pending or Failed"", ""order"": 13}, {""count"": 0, ""name"": ""Customer CKYC Failed"", ""order"": 14}, {""count"": 0, ""name"": ""Customer EKYC Failed"", ""order"": 15}, {""count"": 0, ""name"": ""Customer OKYC Failed"", ""order"": 16}, {""count"": 0, ""name"": ""Customer Id Verification Failed"", ""order"": 17}, {""count"": 0, ""name"": ""Rejected Applications"", ""order"": 18}, {""count"": 0, ""name"": ""Rejected Customers"", ""order"": 19}]}}",
arpan@guat.esafbank.com,user_access_feature,SUCCESS,"{""data"": {""created_at"": ""2026-07-28T16:43:19.049000+00:00"", ""date_of_joining"": ""2026-07-28"", ""email"": ""arpan@guat.esafbank.com"", ""employee_id"": ""072800004"", ""failed_login_datetime"": null, ""first_name"": ""Arpan"", ""last_login"": ""2026-08-14T14:10:47.574000+00:00"", ""last_name"": ""W"", ""postal_address"": ""Hoskote"", ""postal_city"": ""Bengaluru"", ""postal_code"": ""171008"", ""postal_country"": ""-1"", ""postal_state"": ""HP"", ""postal_tele_code"": ""+91"", ""postal_telephone"": ""9087234567"", ""profile_image"": """", ""reset_password"": false, ""role"": ""Organisation Administrator""}, ""features"": [""features_admin"", ""features_lms_api"", ""features_geo_api"", ""features_mobile_sourcing"", ""features_profile"", ""features_manuals"", ""features_notifications"", ""features_api_applications_list"", ""features_api_applications_post"", ""features_api_performance_target"", ""features_performance_target"", ""features_fos_branches"", ""features_applications_track"", ""features_applications_cashflow"", ""features_applications_analysis"", ""features_applications_scrutiny"", ""features_applications_sanction"", ""features_fees_collection"", ""features_applications_disbursement"", ""features_applications_disbursement_kit_generation"", ""hignmark_equifax"", ""search_by_app_id"", ""search_by_app_name"", ""accounts_reports"", ""features_applications_luc"", ""features_monitor_visit"", ""features_leadr"", ""features_leadr_report"", ""features_leadr_dashboard"", ""lawyer_valuer_access"", ""rm_update_access"", ""cm_update_access"", ""features_collections"", ""features_view_collections"", ""collection_dashboard"", ""features_verify_payments"", ""features_upload_collection_apk"", ""cashless_reports"", ""features_application_reassignment"", ""highmark_report_allow"", ""api_encore_disbursement"", ""features_applications_update_loan"", ""branchwise_closing_report_allow"", ""lms_collection_datewise_report_allow"", ""features_bre"", ""features_post_registration_apps_analysis"", ""feature_fee_collection"", ""feature_kit_generation"", ""sanction-failed-apps"", ""e_mandate_authorization"", ""cancel_subscription"", ""allowed_to_access_webapp"", ""customer_list_view"", ""customer_view"", ""applications_list_view"", ""application_view"", ""disbursement_report"", ""features_cgt_web"", ""features_cgt_stats"", ""features_cgt_manage"", ""features_api_cgt"", ""features_api_cap"", ""features_api_products"", ""features_api_timeslots"", ""features_api_center_groups"", ""features_application_deletion"", ""feature_support"", ""features_center_groups_manage"", ""features_district_subdistrict"", ""features_center_group_list"", ""features_center_groups_create"", ""features_center_groups_update"", ""features_center_active_update"", ""features_center_assignment"", ""features_disbursement"", ""features_disbursement_group_stats"", ""features_disbursement_center_stats"", ""features_grt_web"", ""features_grt_stats"", ""features_grt_manage"", ""features_api_grt"", ""features_api_cross_verification"", ""features_api_cap_cross_verification"", ""features_api_cap_submission"", ""branches_centers"", ""search_by_group_id"", ""search_by_group_name"", ""features_group_update"", ""search_by_center_id"", ""search_by_center_name"", ""features_upload_apk"", ""accounts_new_reports"", ""features_luc"", ""highmark_update"", ""features_cross_sell"", ""api_permission"", ""features_api_village"", ""features_api_village_survey_verification"", ""features_api_village_survey_approval"", ""features_api_village_resurvey"", ""features_village_reassignment"", ""features_api_center_creation"", ""branchwise_closing_report"", ""village_report_allow"", ""cattle_insurance_report"", ""features_bre_delete"", ""crop_loan_report"", ""features_application_retry"", ""features_reassign_demand"", ""features_manage_neft"", ""features_manage_bank_repayment"", ""features_manage_adhoc"", ""features_generate_loan_card"", ""features_repayment_update"", ""features_customer"", ""okyc_validation"", ""features_api_face_liveness_check"", ""features_settings"", ""features_organisation"", ""features_manage_branch"", ""features_manage_district_subdistrict"", ""features_manage_employee"", ""features_bc_management"", ""features_master_data"", ""features_status_creation"", ""features_products"", ""features_update_collection_dates"", ""features_state_id"", ""features_api_business_verification"", ""features_verification_dates"", ""features_audit"", ""external_api_logs"", ""features_scrutiny_check"", ""features_rejected_cases"", ""feature_for_custom_notification"", ""feature_for_update_notification"", ""features_pending_cases"", ""features_tele_verification_questions"", ""features_tele_verification"", ""features_quality_check"", ""features_discrepancy_checker"", ""bulk_data_upload_feature"", ""portfolio_transfer"", ""feature_pg_kit"", ""features_insurer"", ""feature_for_cpc_bucket"", ""features_pgk_verification"", ""customer_mobile_update"", ""feature_for_credit_verification"", ""application_move_back"", ""pre_closure"", ""features_workflow"", ""feature_bre_rule"", ""features_bc_approval"", ""features_branch_approval"", ""features_mobile_group_formation"", ""features_mobile_data_resubmission"", ""features_mobile_business_sourcing"", ""features_application_esign"", ""features_mobile_house_verification"", ""features_collection_agency"", ""features_retail_demand_reassignment"", ""features_retail_demand_assignment"", ""features_aml_qc_check""], ""holiday_reason"": """", ""is_cbs_holiday"": false, ""message"": ""List of features fetched successfully"", ""success"": true}",
arpan@guat.esafbank.com,dashboard_statistics,SUCCESS,"{""results"": {""partners"": 0, ""total_customer"": 0, ""total_products"": 18}}",
arpan@guat.esafbank.com,dashboard_detailed_v1,SUCCESS,"{""results"": {""average_running_loans"": {""-2"": 0, ""2-3"": 0, ""3+"": 0}, ""credit_score"": {""-650"": 0, ""650-700"": 0, ""700+"": 0}, ""education"": {""less_than_tenth"": 0, ""more_than_graduation"": 0, ""tenth_to_graduation"": 0}, ""event_dashboard"": {""collection"": [], ""disbursed"": [], ""in_process"": [], ""rate"": 0, ""rejected"": [], ""sanctioned"": [], ""submission"": [], ""tat"": 0}, ""gender"": {""Female"": 0, ""Male"": 0, ""Others"": 0}, ""income"": {""less_than_twenty"": 0, ""less_than_twenty_percentage"": 0, ""more_than_thirty_five"": 0, ""more_than_thirty_five_percentage"": 0, ""twenty_to_thirty_five"": 0, ""twenty_to_thirty_five_percentage"": 0}}}",
arpan@guat.esafbank.com,dashboard_detailed_v2,SUCCESS,"{""results"": {""application_status_stats"": [{""count"": 0, ""name"": ""Family details Pending"", ""order"": 0}, {""count"": 0, ""name"": ""Group Formation Ready"", ""order"": 1}, {""count"": 0, ""name"": ""DV Ready"", ""order"": 2}, {""count"": 0, ""name"": ""CGT Ready"", ""order"": 3}, {""count"": 0, ""name"": ""HV Ready"", ""order"": 4}, {""count"": 0, ""name"": ""TV Ready"", ""order"": 5}, {""count"": 0, ""name"": ""BV Ready"", ""order"": 6}, {""count"": 0, ""name"": ""GRT Ready"", ""order"": 7}, {""count"": 0, ""name"": ""Kit Generation Ready"", ""order"": 8}, {""count"": 0, ""name"": ""E-Sign Ready"", ""order"": 9}, {""count"": 0, ""name"": ""Disbursement Ready"", ""order"": 10}, {""count"": 0, ""name"": ""LUC Ready"", ""order"": 11}], ""bc_details"": {}, ""credit_type_stats"": {""ETB"": {""applied_amount"": 0, ""disbursed_amount"": 0}, ""NTB"": {""applied_amount"": 0, ""disbursed_amount"": 0}, ""NTC"": {""applied_amount"": 0, ""disbursed_amount"": 0}}, ""failed_applications"": [{""count"": 0, ""name"": ""AML Failed"", ""order"": 0}, {""count"": 0, ""name"": ""BRE Failed"", ""order"": 1}, {""count"": 0, ""name"": ""BUREAU Failed"", ""order"": 2}, {""count"": 0, ""name"": ""BC BRE Failed"", ""order"": 3}, {""count"": 0, ""name"": ""Application Bank Account Failed"", ""order"": 4}, {""count"": 0, ""name"": ""CGT Failed"", ""order"": 5}, {""count"": 0, ""name"": ""HV Failed"", ""order"": 6}, {""count"": 0, ""name"": ""TV Failed"", ""order"": 7}, {""count"": 0, ""name"": ""BV Failed"", ""order"": 8}, {""count"": 0, ""name"": ""Scrutiny Failed"", ""order"": 9}, {""count"": 0, ""name"": ""Dedupe Failed"", ""order"": 10}, {""count"": 0, ""name"": ""GRT Failed"", ""order"": 11}, {""count"": 0, ""name"": ""Disbursement Failed"", ""order"": 12}, {""count"": 0, ""name"": ""CBS Pending or Failed"", ""order"": 13}, {""count"": 0, ""name"": ""Customer CKYC Failed"", ""order"": 14}, {""count"": 0, ""name"": ""Customer EKYC Failed"", ""order"": 15}, {""count"": 0, ""name"": ""Customer OKYC Failed"", ""order"": 16}, {""count"": 0, ""name"": ""Customer Id Verification Failed"", ""order"": 17}, {""count"": 0, ""name"": ""Rejected Applications"", ""order"": 18}, {""count"": 0, ""name"": ""Rejected Customers"", ""order"": 19}]}}",
sameer@guat.esafbank.com,user_access_feature,SUCCESS,"{""data"": {""created_at"": ""2026-07-28T15:49:28.344000+00:00"", ""date_of_joining"": ""2026-07-28"", ""email"": ""sameer@guat.esafbank.com"", ""employee_id"": ""072800001"", ""failed_login_datetime"": ""2026-08-11T17:25:27.717000+00:00"", ""first_name"": ""Sameer"", ""last_login"": ""2026-08-14T14:10:47.563000+00:00"", ""last_name"": ""T"", ""postal_address"": ""Indiranagar"", ""postal_city"": ""Bengaluru"", ""postal_code"": ""171003"", ""postal_country"": ""-1"", ""postal_state"": ""HP"", ""postal_tele_code"": ""+91"", ""postal_telephone"": ""9876543456"", ""profile_image"": """", ""reset_password"": false, ""role"": ""Organisation Administrator""}, ""features"": [""features_admin"", ""features_lms_api"", ""features_geo_api"", ""features_mobile_sourcing"", ""features_profile"", ""features_manuals"", ""features_notifications"", ""features_api_applications_list"", ""features_api_applications_post"", ""features_api_performance_target"", ""features_performance_target"", ""features_fos_branches"", ""features_applications_track"", ""features_applications_cashflow"", ""features_applications_analysis"", ""features_applications_scrutiny"", ""features_applications_sanction"", ""features_fees_collection"", ""features_applications_disbursement"", ""features_applications_disbursement_kit_generation"", ""hignmark_equifax"", ""search_by_app_id"", ""search_by_app_name"", ""accounts_reports"", ""features_applications_luc"", ""features_monitor_visit"", ""features_leadr"", ""features_leadr_report"", ""features_leadr_dashboard"", ""lawyer_valuer_access"", ""rm_update_access"", ""cm_update_access"", ""features_collections"", ""features_view_collections"", ""collection_dashboard"", ""features_verify_payments"", ""features_upload_collection_apk"", ""cashless_reports"", ""features_application_reassignment"", ""highmark_report_allow"", ""api_encore_disbursement"", ""features_applications_update_loan"", ""branchwise_closing_report_allow"", ""lms_collection_datewise_report_allow"", ""features_bre"", ""features_post_registration_apps_analysis"", ""feature_fee_collection"", ""feature_kit_generation"", ""sanction-failed-apps"", ""e_mandate_authorization"", ""cancel_subscription"", ""allowed_to_access_webapp"", ""customer_list_view"", ""customer_view"", ""applications_list_view"", ""application_view"", ""disbursement_report"", ""features_cgt_web"", ""features_cgt_stats"", ""features_cgt_manage"", ""features_api_cgt"", ""features_api_cap"", ""features_api_products"", ""features_api_timeslots"", ""features_api_center_groups"", ""features_application_deletion"", ""feature_support"", ""features_center_groups_manage"", ""features_district_subdistrict"", ""features_center_group_list"", ""features_center_groups_create"", ""features_center_groups_update"", ""features_center_active_update"", ""features_center_assignment"", ""features_disbursement"", ""features_disbursement_group_stats"", ""features_disbursement_center_stats"", ""features_grt_web"", ""features_grt_stats"", ""features_grt_manage"", ""features_api_grt"", ""features_api_cross_verification"", ""features_api_cap_cross_verification"", ""features_api_cap_submission"", ""branches_centers"", ""search_by_group_id"", ""search_by_group_name"", ""features_group_update"", ""search_by_center_id"", ""search_by_center_name"", ""features_upload_apk"", ""accounts_new_reports"", ""features_luc"", ""highmark_update"", ""features_cross_sell"", ""api_permission"", ""features_api_village"", ""features_api_village_survey_verification"", ""features_api_village_survey_approval"", ""features_api_village_resurvey"", ""features_village_reassignment"", ""features_api_center_creation"", ""branchwise_closing_report"", ""village_report_allow"", ""cattle_insurance_report"", ""features_bre_delete"", ""crop_loan_report"", ""features_application_retry"", ""features_reassign_demand"", ""features_manage_neft"", ""features_manage_bank_repayment"", ""features_manage_adhoc"", ""features_generate_loan_card"", ""features_repayment_update"", ""features_customer"", ""okyc_validation"", ""features_api_face_liveness_check"", ""features_settings"", ""features_organisation"", ""features_manage_branch"", ""features_manage_district_subdistrict"", ""features_manage_employee"", ""features_bc_management"", ""features_master_data"", ""features_status_creation"", ""features_products"", ""features_update_collection_dates"", ""features_state_id"", ""features_api_business_verification"", ""features_verification_dates"", ""features_audit"", ""external_api_logs"", ""features_scrutiny_check"", ""features_rejected_cases"", ""feature_for_custom_notification"", ""feature_for_update_notification"", ""features_pending_cases"", ""features_tele_verification_questions"", ""features_tele_verification"", ""features_quality_check"", ""features_discrepancy_checker"", ""bulk_data_upload_feature"", ""portfolio_transfer"", ""feature_pg_kit"", ""features_insurer"", ""feature_for_cpc_bucket"", ""features_pgk_verification"", ""customer_mobile_update"", ""feature_for_credit_verification"", ""application_move_back"", ""pre_closure"", ""features_workflow"", ""feature_bre_rule"", ""features_bc_approval"", ""features_branch_approval"", ""features_mobile_group_formation"", ""features_mobile_data_resubmission"", ""features_mobile_business_sourcing"", ""features_application_esign"", ""features_mobile_house_verification"", ""features_collection_agency"", ""features_retail_demand_reassignment"", ""features_retail_demand_assignment"", ""features_aml_qc_check""], ""holiday_reason"": """", ""is_cbs_holiday"": false, ""message"": ""List of features fetched successfully"", ""success"": true}",
sameer@guat.esafbank.com,dashboard_statistics,SUCCESS,"{""results"": {""partners"": 0, ""total_customer"": 0, ""total_products"": 18}}",
sameer@guat.esafbank.com,dashboard_detailed_v1,SUCCESS,"{""results"": {""average_running_loans"": {""-2"": 0, ""2-3"": 0, ""3+"": 0}, ""credit_score"": {""-650"": 0, ""650-700"": 0, ""700+"": 0}, ""education"": {""less_than_tenth"": 0, ""more_than_graduation"": 0, ""tenth_to_graduation"": 0}, ""event_dashboard"": {""collection"": [], ""disbursed"": [], ""in_process"": [], ""rate"": 0, ""rejected"": [], ""sanctioned"": [], ""submission"": [], ""tat"": 0}, ""gender"": {""Female"": 0, ""Male"": 0, ""Others"": 0}, ""income"": {""less_than_twenty"": 0, ""less_than_twenty_percentage"": 0, ""more_than_thirty_five"": 0, ""more_than_thirty_five_percentage"": 0, ""twenty_to_thirty_five"": 0, ""twenty_to_thirty_five_percentage"": 0}}}",
sameer@guat.esafbank.com,dashboard_detailed_v2,SUCCESS,"{""results"": {""application_status_stats"": [{""count"": 0, ""name"": ""Family details Pending"", ""order"": 0}, {""count"": 0, ""name"": ""Group Formation Ready"", ""order"": 1}, {""count"": 0, ""name"": ""DV Ready"", ""order"": 2}, {""count"": 0, ""name"": ""CGT Ready"", ""order"": 3}, {""count"": 0, ""name"": ""HV Ready"", ""order"": 4}, {""count"": 0, ""name"": ""TV Ready"", ""order"": 5}, {""count"": 0, ""name"": ""BV Ready"", ""order"": 6}, {""count"": 0, ""name"": ""GRT Ready"", ""order"": 7}, {""count"": 0, ""name"": ""Kit Generation Ready"", ""order"": 8}, {""count"": 0, ""name"": ""E-Sign Ready"", ""order"": 9}, {""count"": 0, ""name"": ""Disbursement Ready"", ""order"": 10}, {""count"": 0, ""name"": ""LUC Ready"", ""order"": 11}], ""bc_details"": {}, ""credit_type_stats"": {""ETB"": {""applied_amount"": 0, ""disbursed_amount"": 0}, ""NTB"": {""applied_amount"": 0, ""disbursed_amount"": 0}, ""NTC"": {""applied_amount"": 0, ""disbursed_amount"": 0}}, ""failed_applications"": [{""count"": 0, ""name"": ""AML Failed"", ""order"": 0}, {""count"": 0, ""name"": ""BRE Failed"", ""order"": 1}, {""count"": 0, ""name"": ""BUREAU Failed"", ""order"": 2}, {""count"": 0, ""name"": ""BC BRE Failed"", ""order"": 3}, {""count"": 0, ""name"": ""Application Bank Account Failed"", ""order"": 4}, {""count"": 0, ""name"": ""CGT Failed"", ""order"": 5}, {""count"": 0, ""name"": ""HV Failed"", ""order"": 6}, {""count"": 0, ""name"": ""TV Failed"", ""order"": 7}, {""count"": 0, ""name"": ""BV Failed"", ""order"": 8}, {""count"": 0, ""name"": ""Scrutiny Failed"", ""order"": 9}, {""count"": 0, ""name"": ""Dedupe Failed"", ""order"": 10}, {""count"": 0, ""name"": ""GRT Failed"", ""order"": 11}, {""count"": 0, ""name"": ""Disbursement Failed"", ""order"": 12}, {""count"": 0, ""name"": ""CBS Pending or Failed"", ""order"": 13}, {""count"": 0, ""name"": ""Customer CKYC Failed"", ""order"": 14}, {""count"": 0, ""name"": ""Customer EKYC Failed"", ""order"": 15}, {""count"": 0, ""name"": ""Customer OKYC Failed"", ""order"": 16}, {""count"": 0, ""name"": ""Customer Id Verification Failed"", ""order"": 17}, {""count"": 0, ""name"": ""Rejected Applications"", ""order"": 18}, {""count"": 0, ""name"": ""Rejected Customers"", ""order"": 19}]}}",
divya@guat.esafbank.com,user_access_feature,SUCCESS,"{""data"": {""created_at"": ""2026-08-13T17:28:36.748000+00:00"", ""date_of_joining"": ""2026-08-05"", ""email"": ""divya@guat.esafbank.com"", ""employee_id"": ""2622500035"", ""failed_login_datetime"": null, ""first_name"": ""Divya"", ""last_login"": ""2026-08-14T14:11:19.394000+00:00"", ""last_name"": ""B"", ""postal_address"": ""Indiranagar"", ""postal_city"": ""Bengaluru"", ""postal_code"": ""180008"", ""postal_country"": ""-1"", ""postal_state"": ""JK"", ""postal_tele_code"": ""+91"", ""postal_telephone"": ""9976790009"", ""profile_image"": """", ""reset_password"": false, ""role"": ""Organisation Administrator""}, ""features"": [""features_admin"", ""features_lms_api"", ""features_geo_api"", ""features_mobile_sourcing"", ""features_profile"", ""features_manuals"", ""features_notifications"", ""features_api_applications_list"", ""features_api_applications_post"", ""features_api_performance_target"", ""features_performance_target"", ""features_fos_branches"", ""features_applications_track"", ""features_applications_cashflow"", ""features_applications_analysis"", ""features_applications_scrutiny"", ""features_applications_sanction"", ""features_fees_collection"", ""features_applications_disbursement"", ""features_applications_disbursement_kit_generation"", ""hignmark_equifax"", ""search_by_app_id"", ""search_by_app_name"", ""accounts_reports"", ""features_applications_luc"", ""features_monitor_visit"", ""features_leadr"", ""features_leadr_report"", ""features_leadr_dashboard"", ""lawyer_valuer_access"", ""rm_update_access"", ""cm_update_access"", ""features_collections"", ""features_view_collections"", ""collection_dashboard"", ""features_verify_payments"", ""features_upload_collection_apk"", ""cashless_reports"", ""features_application_reassignment"", ""highmark_report_allow"", ""api_encore_disbursement"", ""features_applications_update_loan"", ""branchwise_closing_report_allow"", ""lms_collection_datewise_report_allow"", ""features_bre"", ""features_post_registration_apps_analysis"", ""feature_fee_collection"", ""feature_kit_generation"", ""sanction-failed-apps"", ""e_mandate_authorization"", ""cancel_subscription"", ""allowed_to_access_webapp"", ""customer_list_view"", ""customer_view"", ""applications_list_view"", ""application_view"", ""disbursement_report"", ""features_cgt_web"", ""features_cgt_stats"", ""features_cgt_manage"", ""features_api_cgt"", ""features_api_cap"", ""features_api_products"", ""features_api_timeslots"", ""features_api_center_groups"", ""features_application_deletion"", ""feature_support"", ""features_center_groups_manage"", ""features_district_subdistrict"", ""features_center_group_list"", ""features_center_groups_create"", ""features_center_groups_update"", ""features_center_active_update"", ""features_center_assignment"", ""features_disbursement"", ""features_disbursement_group_stats"", ""features_disbursement_center_stats"", ""features_grt_web"", ""features_grt_stats"", ""features_grt_manage"", ""features_api_grt"", ""features_api_cross_verification"", ""features_api_cap_cross_verification"", ""features_api_cap_submission"", ""branches_centers"", ""search_by_group_id"", ""search_by_group_name"", ""features_group_update"", ""search_by_center_id"", ""search_by_center_name"", ""features_upload_apk"", ""accounts_new_reports"", ""features_luc"", ""highmark_update"", ""features_cross_sell"", ""api_permission"", ""features_api_village"", ""features_api_village_survey_verification"", ""features_api_village_survey_approval"", ""features_api_village_resurvey"", ""features_village_reassignment"", ""features_api_center_creation"", ""branchwise_closing_report"", ""village_report_allow"", ""cattle_insurance_report"", ""features_bre_delete"", ""crop_loan_report"", ""features_application_retry"", ""features_reassign_demand"", ""features_manage_neft"", ""features_manage_bank_repayment"", ""features_manage_adhoc"", ""features_generate_loan_card"", ""features_repayment_update"", ""features_customer"", ""okyc_validation"", ""features_api_face_liveness_check"", ""features_settings"", ""features_organisation"", ""features_manage_branch"", ""features_manage_district_subdistrict"", ""features_manage_employee"", ""features_bc_management"", ""features_master_data"", ""features_status_creation"", ""features_products"", ""features_update_collection_dates"", ""features_state_id"", ""features_api_business_verification"", ""features_verification_dates"", ""features_audit"", ""external_api_logs"", ""features_scrutiny_check"", ""features_rejected_cases"", ""feature_for_custom_notification"", ""feature_for_update_notification"", ""features_pending_cases"", ""features_tele_verification_questions"", ""features_tele_verification"", ""features_quality_check"", ""features_discrepancy_checker"", ""bulk_data_upload_feature"", ""portfolio_transfer"", ""feature_pg_kit"", ""features_insurer"", ""feature_for_cpc_bucket"", ""features_pgk_verification"", ""customer_mobile_update"", ""feature_for_credit_verification"", ""application_move_back"", ""pre_closure"", ""features_workflow"", ""feature_bre_rule"", ""features_bc_approval"", ""features_branch_approval"", ""features_mobile_group_formation"", ""features_mobile_data_resubmission"", ""features_mobile_business_sourcing"", ""features_application_esign"", ""features_mobile_house_verification"", ""features_collection_agency"", ""features_retail_demand_reassignment"", ""features_retail_demand_assignment"", ""features_aml_qc_check""], ""holiday_reason"": """", ""is_cbs_holiday"": false, ""message"": ""List of features fetched successfully"", ""success"": true}",
divya@guat.esafbank.com,dashboard_statistics,SUCCESS,"{""results"": {""partners"": 0, ""total_customer"": 0, ""total_products"": 18}}",
divya@guat.esafbank.com,dashboard_detailed_v1,SUCCESS,"{""results"": {""average_running_loans"": {""-2"": 0, ""2-3"": 0, ""3+"": 0}, ""credit_score"": {""-650"": 0, ""650-700"": 0, ""700+"": 0}, ""education"": {""less_than_tenth"": 0, ""more_than_graduation"": 0, ""tenth_to_graduation"": 0}, ""event_dashboard"": {""collection"": [], ""disbursed"": [], ""in_process"": [], ""rate"": 0, ""rejected"": [], ""sanctioned"": [], ""submission"": [], ""tat"": 0}, ""gender"": {""Female"": 0, ""Male"": 0, ""Others"": 0}, ""income"": {""less_than_twenty"": 0, ""less_than_twenty_percentage"": 0, ""more_than_thirty_five"": 0, ""more_than_thirty_five_percentage"": 0, ""twenty_to_thirty_five"": 0, ""twenty_to_thirty_five_percentage"": 0}}}",
divya@guat.esafbank.com,dashboard_detailed_v2,SUCCESS,"{""results"": {""application_status_stats"": [{""count"": 0, ""name"": ""Family details Pending"", ""order"": 0}, {""count"": 0, ""name"": ""Group Formation Ready"", ""order"": 1}, {""count"": 0, ""name"": ""DV Ready"", ""order"": 2}, {""count"": 0, ""name"": ""CGT Ready"", ""order"": 3}, {""count"": 0, ""name"": ""HV Ready"", ""order"": 4}, {""count"": 0, ""name"": ""TV Ready"", ""order"": 5}, {""count"": 0, ""name"": ""BV Ready"", ""order"": 6}, {""count"": 0, ""name"": ""GRT Ready"", ""order"": 7}, {""count"": 0, ""name"": ""Kit Generation Ready"", ""order"": 8}, {""count"": 0, ""name"": ""E-Sign Ready"", ""order"": 9}, {""count"": 0, ""name"": ""Disbursement Ready"", ""order"": 10}, {""count"": 0, ""name"": ""LUC Ready"", ""order"": 11}], ""bc_details"": {}, ""credit_type_stats"": {""ETB"": {""applied_amount"": 0, ""disbursed_amount"": 0}, ""NTB"": {""applied_amount"": 0, ""disbursed_amount"": 0}, ""NTC"": {""applied_amount"": 0, ""disbursed_amount"": 0}}, ""failed_applications"": [{""count"": 0, ""name"": ""AML Failed"", ""order"": 0}, {""count"": 0, ""name"": ""BRE Failed"", ""order"": 1}, {""count"": 0, ""name"": ""BUREAU Failed"", ""order"": 2}, {""count"": 0, ""name"": ""BC BRE Failed"", ""order"": 3}, {""count"": 0, ""name"": ""Application Bank Account Failed"", ""order"": 4}, {""count"": 0, ""name"": ""CGT Failed"", ""order"": 5}, {""count"": 0, ""name"": ""HV Failed"", ""order"": 6}, {""count"": 0, ""name"": ""TV Failed"", ""order"": 7}, {""count"": 0, ""name"": ""BV Failed"", ""order"": 8}, {""count"": 0, ""name"": ""Scrutiny Failed"", ""order"": 9}, {""count"": 0, ""name"": ""Dedupe Failed"", ""order"": 10}, {""count"": 0, ""name"": ""GRT Failed"", ""order"": 11}, {""count"": 0, ""name"": ""Disbursement Failed"", ""order"": 12}, {""count"": 0, ""name"": ""CBS Pending or Failed"", ""order"": 13}, {""count"": 0, ""name"": ""Customer CKYC Failed"", ""order"": 14}, {""count"": 0, ""name"": ""Customer EKYC Failed"", ""order"": 15}, {""count"": 0, ""name"": ""Customer OKYC Failed"", ""order"": 16}, {""count"": 0, ""name"": ""Customer Id Verification Failed"", ""order"": 17}, {""count"": 0, ""name"": ""Rejected Applications"", ""order"": 18}, {""count"": 0, ""name"": ""Rejected Customers"", ""order"": 19}]}}",
